"taxon","lfc_(Intercept)","lfc_RFIClass2MidRFI","lfc_RFIClass3HighRFI"
"12DICHLORETHDEG-PWY",-0.326508578417264,0.411077368330574,0.259095719213429
"14DICHLORBENZDEG-PWY",-0.24996598245774,0.334971921305763,0.21668495410522
"1CMET2-PWY",0.0052557905862082,-0.00565762639366336,-0.0114087108303022
"ALLANTOINDEG-PWY",0.149236646143764,-0.195924653114715,-0.18855213429266
"ANAEROFRUCAT-PWY",-0.00122354425139536,0.0111015484396058,-0.0187994069942029
"ANAGLYCOLYSIS-PWY",0.00163296952228377,0.0015444770192543,-0.0120172393680239
"ARG???SYN",-0.0369901396472213,0.0189581550481409,0.0779688056666414
"ARGININE-SYN4-PWY",-0.00486587481744253,0.0216691459255446,-0.024817115550338
"ARGSYN-PWY",0.00524084576215969,0.00136239164798961,-0.0227704716243384
"ARGSYNBSUB-PWY",0.0018173560823661,0.00237097183257613,-0.0139249772799287
"ARO-PWY",0.0110716965275344,-0.0135186299655578,-0.0164457919712859
"ASPASN-PWY",0.0498914181518875,-0.0570357717626786,-0.0646158340255447
"AST-PWY",0.148263932377072,-0.184670045298449,-0.170800926798814
"BRANCHED-CHAIN-AA-SYN-PWY",-0.00548108524734848,0.00408346487892065,0.00564369809201344
"CALVIN-PWY",0.0058375079256386,-0.00388336927653852,-0.0160733879976377
"CARNMET-PWY",-0.0844112806925098,0.558794848848243,-0.104670899906421
"CATECHOL-ORTHO-CLEAVAGE-PWY",-0.0233904899919679,0.050523514013155,-0.120831456935622
"CHLOROPHYLL-SYN",-0.288320151258604,0.328555207061108,0.344571756705431
"CITRULBIO-PWY",-0.0267264757313418,0.0685679176323816,-0.0340795292751304
"COA-PWY",0.0029125344533046,-0.00854144246492513,0.000453712192511554
"COA-PWY-1",0.00490615962489687,-0.00967474632813986,-0.00381014611776118
"COBALSYN-PWY",-0.056387264399639,0.0704136245102934,0.0537573623449248
"CODH-PWY",0.131779839569953,-0.163447103621004,-0.142480710348596
"COLANSYN-PWY",-0.0054878212119085,0.0045909776774641,0.00483961868584488
"COMPLETE-ARO-PWY",0.00372416431961412,-0.00532277555959191,-0.00726223799422596
"CRNFORCAT-PWY",-0.185234508665956,0.254882180729601,0.148590644054147
"DAPLYSINESYN-PWY",0.0299894093548374,-0.0388722848662197,-0.0331815982913288
"DARABCATK12-PWY",-0.0612518158479826,0.0806715882095038,0.0519858601442582
"DENITRIFICATION-PWY",-0.156221669104605,0.322477491052355,-0.050103556376967
"DENOVOPURINE2-PWY",-0.04555802941053,0.00643258111446535,0.124562025708998
"DTDPRHAMSYN-PWY",-0.00541337204473423,0.00591361146910254,0.00246233819996448
"ECASYN-PWY",-0.510297758713518,0.636948165452057,0.491267159749858
"FAO-PWY",-0.147521604238771,0.0706682398124197,0.332442528236309
"FERMENTATION-PWY",0.0265463046732346,-0.0384504231010332,-0.0233226155723439
"FOLSYN-PWY",0.00913784234803358,-0.0177026203072465,-0.00372437924132106
"FUC-RHAMCAT-PWY",-0.0460953462977779,0.0532477621357753,0.0501328895165657
"FUCCAT-PWY",-0.0612518158488006,0.0806715882110464,0.0519858601442582
"GALACTARDEG-PWY",-0.0376032276141551,0.0679813846091614,0.000183639528718718
"GALACTITOLCAT-PWY",-0.10848390331027,0.0409058507218411,0.261253451414967
"GLCMANNANAUT-PWY",-0.0417077004641623,0.0506902676097082,0.0408516527559767
"GLUCARDEG-PWY",-0.0149283666114131,0.0146706769578988,0.0173717776411232
"GLUCARGALACTSUPER-PWY",-0.0376032276141551,0.0679813846091614,0.000183639528718718
"GLUCONEO-PWY",0.00278641469567696,-0.00299429881580099,-0.00817415447958039
"GLUCOSE1PMETAB-PWY",0.0090027363548963,-0.00470769166642672,-0.0244273761786701
"GLUDEG-I-PWY",-0.0906762985471463,0.0760137487489092,0.149667327533914
"GLUTORN-PWY",0.00440399625767529,-0.00298738259646704,-0.0131392368696181
"GLYCOCAT-PWY",-0.808443345260251,0.887046825130298,1.05559192447885
"GLYCOGENSYNTH-PWY",0.00259564962607773,-0.000564872350007566,-0.0115377544608469
"GLYCOL-GLYOXDEG-PWY",-0.00552844916611983,-0.0824158634940264,0.146350158699291
"GLYCOLYSIS",0.00335861910580641,0.00180780834502795,-0.0177299546219477
"GLYCOLYSIS-E-D",-0.132953235235005,-0.150101745850177,0.653406395162157
"GLYOXYLATE-BYPASS",-0.193727961281797,0.234784654903293,0.205808877635987
"GOLPDLCAT-PWY",-0.180744864177803,0.175652326248829,0.263589621340433
"HEME-BIOSYNTHESIS-II",-0.0774179167624864,0.00949140062402104,0.217162349021337
"HEME-BIOSYNTHESIS-II-1",0.0236404735539679,-0.140127381205525,0.150801549150207
"HEMESYN2-PWY",0.0236404735539679,-0.140127381205525,0.150801549150207
"HEXITOLDEGSUPER-PWY",-0.0402191791067881,0.00870446965297853,0.104519977778704
"HISDEG-PWY",-7.41075842544681e-06,0.0504754873816773,-0.0865064665972939
"HISTSYN-PWY",-0.00739960865892656,0.00391937406168429,0.0117858236179805
"HOMOSER-METSYN-PWY",0.0306136954781308,-0.0654953848206588,0.00816906288204862
"HSERMETANA-PWY",0.0260479585008674,-0.00506882335549638,-0.0760415300059681
"ILEUSYN-PWY",-0.00394018168482304,0.0036631881630546,0.0016076305950625
"KDO-NAGLIPASYN-PWY",-0.287292120791084,0.129722313619434,0.66452686524137
"KETOGLUCONMET-PWY",-0.00907832475492833,0.108115202532875,-0.173554537247711
"LACTOSECAT-PWY",0.0154381226145669,-0.0158854961966491,-0.0259718142372994
"LIPASYN-PWY",-0.168591531594198,0.0146983910344043,0.487920185026579
"MET-SAM-PWY",0.0266206278283258,-0.0582746155016251,0.00866408241614832
"METH-ACETATE-PWY",0.147495089723719,-0.186370407253573,-0.153358295541578
"METHANOGENESIS-PWY",-0.00888397368409094,0.0732281693351121,-0.0962951008117723
"METHGLYUT-PWY",-0.451278555923928,0.488707190511828,0.583384897885566
"METSYN-PWY",0.0271339901680734,-0.0582719542242419,0.00708758567492385
"NAD-BIOSYNTHESIS-II",-0.317557256161614,0.204812133094227,0.635192885667081
"NADSYN-PWY",-0.157057123378779,0.0993863608310566,0.319109362926336
"NAGLIPASYN-PWY",-0.00257236554980101,-0.00761095283864611,0.0157391728093239
"NONMEVIPP-PWY",0.00795347243544105,-0.0080661559475142,-0.015756500968569
"NONOXIPENT-PWY",0.0111668274192379,-0.00624453352493504,-0.0285575370431389
"OANTIGEN-PWY",8.69186099388297e-05,0.00221836383641332,-0.00837752452685476
"P101-PWY",0.286957619504515,-0.413295980124083,-0.214190143851306
"P105-PWY",-0.418910613459132,0.610585600259322,0.265372511398418
"P108-PWY",-0.0893664056293744,0.0459355619412013,0.194532834035762
"P125-PWY",0.104025029968857,-0.0970979011992481,-0.16529905988059
"P163-PWY",-0.00644810805794473,0.0763364135162335,-0.108805836086168
"P164-PWY",0.000568392314626638,0.00763987229748728,-0.0186619889967053
"P185-PWY",0.0534124657410616,-0.207698234005477,0.169427458877154
"P221-PWY",-0.0201589445266266,0.0511049902565743,-0.0258153366038827
"P23-PWY",0.0659807765673917,-0.168409207073565,0.0670923382071639
"P241-PWY",-0.374136011064809,0.418418861706193,0.41945215107138
"P261-PWY",0.00478978569323382,0.0776872302314237,-0.145416962861335
"P341-PWY",-0.0842265831740012,0.00748853913365705,0.146723817213585
"P381-PWY",-0.22318989974101,0.345063624085539,0.103563504055654
"P4-PWY",0.0208591016957392,-0.0388746756097152,-0.00521614612715765
"P42-PWY",0.000355125070162862,-0.00295780674119819,-0.00078762962267037
"P441-PWY",-0.0339937715316517,0.0172227686158438,0.0716124312651943
"P461-PWY",0.0556287688307895,-0.065690828063224,-0.0681220039912966
"P562-PWY",0.0408815534188324,-0.0259228340999746,-0.0875816469824607
"PANTO-PWY",0.0176388746849192,-0.0263511024562315,-0.0157050072809339
"PANTOSYN-PWY",0.0116417294983622,-0.0188740714955727,-0.00948892545817221
"PENTOSE-P-PWY",-0.045250575911276,0.0542539750965365,0.0459106841466686
"PEPTIDOGLYCANSYN-PWY",0.00964453442714907,-0.00824483984548633,-0.0206450169839701
"PHOSLIPSYN-PWY",0.0087448515634983,-0.0143283670709078,-0.00800400647273123
"POLYAMINSYN3-PWY",-0.176451386196377,0.181687866415393,0.240633092251647
"POLYAMSYN-PWY",-0.0406729525744035,0.0201479322545962,0.087314032295647
"POLYISOPRENSYN-PWY",0.00514866731743944,-0.00901847515537177,-0.00561926658192127
"PPGPPMET-PWY",-0.00348151774832481,-0.00223132519320376,0.00978155649345739
"PROTOCATECHUATE-ORTHO-CLEAVAGE-PWY",-0.182093008070422,0.226137655822719,0.185679651454007
"PWY-1042",0.00519316260056347,-0.00267849981153995,-0.0160579933202172
"PWY-1269",-0.0143590361853098,0.00452361752707661,0.0321171747862693
"PWY-1622",-0.041929248926748,0.0493332417503408,0.0437353119441167
"PWY-1861",0.0329464639450542,-0.00648551483625466,-0.0948660792725591
"PWY-241",0.0743443556591027,-0.195943984766453,0.0862228909897401
"PWY-2941",0.224382019337052,-0.183656658616722,-0.393234359017293
"PWY-2942",0.00306054512013342,-0.00262608384301015,-0.00961202823526257
"PWY-3001",-0.00216180868077906,0.000406456129113255,0.00145355282533179
"PWY-3481",0.140033605895061,-0.343559799019903,0.0741533875894537
"PWY-3661",0.185192587420537,-0.152644909763197,-0.35082809604458
"PWY-3841",0.00739729829573592,-0.00802660159940644,-0.0141174934814002
"PWY-4702",-0.245437296342474,0.360479309596313,0.161366346905074
"PWY-4984",-0.0788757317538621,0.0557845837417882,0.146400484866052
"PWY-5005",-0.160855815595277,0.204906178099222,0.155141900799557
"PWY-5022",-0.00414112392534512,-0.00858344743721005,0.0221237990570908
"PWY-5028",0.0363820810905084,-0.283281920945737,0.314572229149647
"PWY-5030",0.00434861310484432,0.0444054710239982,-0.0899830130973261
"PWY-5097",0.00456450501529572,-0.00643530181648459,-0.0080279262072977
"PWY-5100",0.0522145811856134,-0.0493805000554029,-0.0841703373406554
"PWY-5101",-0.0143487072361086,0.00950420922860651,0.0239920808643526
"PWY-5103",-0.00510426909340554,0.00377357206211184,0.00499327444787883
"PWY-5104",-0.0507885861046578,0.0412426244650671,0.0667951890521964
"PWY-5121",0.00685169641446277,-0.00582366772848482,-0.016026355260247
"PWY-5130",0.00771561826252801,-0.0119392529478118,-0.00873428993853984
"PWY-5136",-0.150374778647897,0.105699611452095,0.284254395949787
"PWY-5138",-0.151267280628298,0.161262612039502,0.196697807310226
"PWY-5154",-0.012982901815598,0.0118172459642969,0.0160506170685433
"PWY-5180",-0.00280094088988286,0.0704537727157615,-0.110415994237591
"PWY-5188",-0.0103756193569971,0.0140243594651197,0.00447925510024273
"PWY-5189",-0.0129650178630952,0.0175482585385895,0.00668295203077776
"PWY-5196",0.00580164178416591,0.0627466493477976,-0.124237328203924
"PWY-5209",-0.05127625667831,0.117225583553117,-0.0379645322462343
"PWY-5265",0.561384088278307,-0.573119274652017,-0.803246776770894
"PWY-5345",0.000145767738470889,-0.000442561726107135,-0.00423374594388857
"PWY-5347",0.0266352653082103,-0.0569448670601372,0.00645841391658477
"PWY-5367",-0.213337888323257,0.263865653103811,0.213912577468536
"PWY-5384",0.00152594593885462,-0.00307478545857203,-0.00418317811730692
"PWY-5392",-0.0819365737469577,0.0334732593629379,0.192030215585541
"PWY-5415",-0.0944762543908508,0.154177977180312,0.0342878211042305
"PWY-5417",0.0073602482013167,0.129535867858785,-0.341724888625585
"PWY-5419",-0.0384531297611762,0.0828009307335801,-0.0212952975982088
"PWY-5420",-0.0902136601871192,0.150452909595987,0.0272868611798292
"PWY-5430",0.180162522747309,-0.254289768719548,-0.336599498365183
"PWY-5431",0.0073602482013167,0.129535867858785,-0.341724888625585
"PWY-5484",-0.0011789913824368,0.0120142073627058,-0.0204189209054259
"PWY-5494",0.0104807318047799,0.0479696444408238,-0.126592629368513
"PWY-5497",0.0154394755883017,0.0151613654175634,-0.0764271078424603
"PWY-5505",-0.00320719550220349,0.0221168873609055,-0.0306244007857189
"PWY-5507",-0.0248698922544963,-0.0057228306455591,0.0661758469279875
"PWY-5519",-0.308162246144094,0.435206290020183,0.232030162483746
"PWY-5531",-0.128504642880883,0.0424585546110111,0.320043822530066
"PWY-561",-0.596747383535489,0.863197229400673,0.492364469454187
"PWY-5647",0.310584777528848,-0.43432518990378,-0.24329132171902
"PWY-5651",-0.156969439625097,0.0992468083526918,0.319061983677308
"PWY-5652",-0.31180581283947,0.408111602294235,0.298489152264399
"PWY-5654",0.354313883685024,-0.480436379549708,-0.298724542912094
"PWY-5655",-0.407959183847426,0.520538023549024,0.419116814347896
"PWY-5659",-0.00266884149391306,0.00491746329718858,-0.00432404583256506
"PWY-5667",0.0126377621076706,-0.0173908941528201,-0.0149494385061498
"PWY-5677",0.032096885652274,0.0273553385930797,-0.147255632573588
"PWY-5686",0.00342059349835734,-0.00183963987660421,-0.0119926478389833
"PWY-5692",-0.212304149244098,0.211037410279854,0.302739170305543
"PWY-5695",0.00656595347087488,-0.00679611242796818,-0.0135710448588514
"PWY-5705",-0.271125639946465,0.310660254917466,0.304512259919652
"PWY-5723",-0.143340838293184,0.00297029937321745,0.429648085741655
"PWY-5742",-0.235534294387775,0.153248004179659,0.371402947480617
"PWY-5747",-0.144177218540099,0.337592847242718,-0.0854522742683662
"PWY-5837",-0.170202543912183,0.138013749341453,0.292466453001456
"PWY-5838",-0.130919265723074,0.108828548475344,0.219587364954738
"PWY-5840",-0.131036700349939,0.109920222269422,0.218173038584133
"PWY-5845",-0.186269926037829,0.106975562958732,0.392109863633169
"PWY-5850",-0.186269926037829,0.106975562958732,0.392109863633169
"PWY-5855",0.0404044197651458,-0.0773729022606154,-0.00251406440700234
"PWY-5860",-0.197315415431472,0.109752509975485,0.421424135998975
"PWY-5861",-0.146529315147806,0.121163729524047,0.247348472113837
"PWY-5862",-0.197315415431472,0.109752509975485,0.421424135998975
"PWY-5896",-0.186269926037829,0.106975562958732,0.392109863633169
"PWY-5897",-0.136408912271395,0.113216353240073,0.229269224766284
"PWY-5898",-0.136408912271395,0.113216353240073,0.229269224766284
"PWY-5899",-0.136408912271395,0.113216353240073,0.229269224766284
"PWY-5910",-0.295388970025772,0.210788191124372,0.55759141507708
"PWY-5913",0.0520215185487659,-0.123022322160831,0.0360888779060127
"PWY-5918",-0.0652700952526009,0.0117630849457682,0.176268158624474
"PWY-5920",-0.457502719413837,0.490460726342969,0.599596902847808
"PWY-5973",0.00381719147487165,0.00193913972514188,-0.0193477459948953
"PWY-5989",0.0270385856357653,-0.0258659108337401,-0.0452800584544475
"PWY-6071",0.525064398265911,-0.787765032372248,-0.481967912075847
"PWY-6084",-0.24996598245774,0.334971921305763,0.21668495410522
"PWY-6121",-0.00322628328505796,0.00501031512981075,-0.00276776457519392
"PWY-6122",0.000788527760195827,0.00234342247385141,-0.0107294228353536
"PWY-6123",0.00352629963704577,-0.00234460906172359,-0.0114957979628947
"PWY-6124",0.00417882080964548,-0.00280035473242354,-0.0127535573390928
"PWY-6125",-0.0297292020331435,0.0317575863475605,0.0349331083619704
"PWY-6126",-0.0282975148387099,0.0298306439949264,0.0336798476520523
"PWY-6141",-0.0187540463486983,0.0834259080086371,-0.08263932862089
"PWY-6143",0.254999727111406,-0.317241863191767,-0.264726134521076
"PWY-6147",-0.00963919582920386,0.00500184192996292,0.0168855490410052
"PWY-6148",-0.0274382598043027,0.0616035082572166,-0.0205825253170434
"PWY-6151",0.0162296641230636,-0.0219842986712971,-0.0184853560857689
"PWY-6160",0.00473383068777515,0.0613488324252147,-0.118695704222029
"PWY-6163",0.00951129617071154,-0.00961995272552242,-0.0180024163935728
"PWY-6165",0.00458669063228439,0.0591460624860741,-0.114665586650985
"PWY-6167",-0.00177472334431839,0.0640852926809071,-0.103210005414242
"PWY-6168",-0.000374857610751565,-0.0104823795499122,0.0136753731517918
"PWY-6182",0.110458157171976,0.130274909184552,-0.582653445729899
"PWY-6185",0.63827284168684,-0.910225758191449,-0.690794162020678
"PWY-6210",-0.456847081612628,0.590968321540222,0.464767283557465
"PWY-622",0.00295538337079231,-0.00166613461343982,-0.0108498878759551
"PWY-6263",-0.120051547847185,0.156767244229454,0.108404598359395
"PWY-6269",-0.0519012722563269,0.0709938691413645,0.0390761138805373
"PWY-6270",-0.0541805021620746,0.0838292106013063,0.0251988255944849
"PWY-6277",0.000788527760195827,0.00234342247385141,-0.0107294228353536
"PWY-6292",0.0644932232430737,-0.0911883597824555,-0.0538359065851682
"PWY-6293",-0.0325776537908134,0.0525680374823697,0.0098395087757726
"PWY-6305",-0.0699637145736708,0.0318873474359567,0.157940441248693
"PWY-6307",0.113800036543106,-0.118845987319913,-0.159894377568149
"PWY-6313",-0.0628897312349116,0.0557972035283551,0.097422851123597
"PWY-6317",0.000506983856358221,-0.00679696091332475,0.00498592837431345
"PWY-6344",0.0450193609497238,-0.0128516984336689,-0.12149427800356
"PWY-6349",-0.0249660056155189,0.0887543293927889,-0.0722738881155005
"PWY-6350",-0.0164941761794605,0.0799795466916449,-0.0839598438740693
"PWY-6353",-0.0054026197521764,-0.0153382903372157,0.0369637497392724
"PWY-6383",0.16734172576099,-0.338132938508069,0.0447411348797365
"PWY-6385",0.00913471249019454,-0.00805962649223309,-0.0193846590010845
"PWY-6386",0.00862147006068569,-0.00714641018095113,-0.0192968305665491
"PWY-6387",0.0097817313592405,-0.00777408119344466,-0.0218301653980698
"PWY-6396",-0.00417352299237219,-0.0447695549182064,0.0810254458564818
"PWY-6397",-0.209975415287614,0.571054152752803,-0.211569677401604
"PWY-6404",-0.202101574344079,0.559097444442256,-0.219297571449892
"PWY-6435",-0.194180549181789,0.114217957477918,0.404567255917868
"PWY-6467",-0.0237600445588194,0.0178797161337949,0.0392041026942232
"PWY-6470",-0.0173496621957459,0.0349891484636158,-0.00823052082864719
"PWY-6471",0.611121750824164,-0.630600087954391,-0.860157951553617
"PWY-6478",-0.0251034677596066,0.0433287857573561,0.00196359810834528
"PWY-6486",-0.00124181516048558,0.0737094005677605,-0.11233134848636
"PWY-6501",0.152848800008077,-0.218758671513888,-0.126176166468126
"PWY-6527",0.0225014543033053,-0.0297174657125075,-0.0251263170707935
"PWY-6531",-0.193474675954173,0.317122064086129,0.072686345919951
"PWY-6562",0.102832802370996,-0.133613828960891,-0.102309480249471
"PWY-6565",-0.569776084611465,0.918932567565968,0.11389279959113
"PWY-6588",0.171186846148505,0.198843854738534,-0.753350913345998
"PWY-6595",-0.0429476003355454,0.0774492673637093,0.0011654715118363
"PWY-6606",-0.00158371820058873,0.00895344040297769,-0.0142056987152801
"PWY-6607",-0.0433429577136485,0.077856713302291,0.00171415383208083
"PWY-6608",-0.00158371820058873,0.00895344040297769,-0.0142056987152801
"PWY-6609",0.0124216315358674,-0.014490752778022,-0.0190002683640533
"PWY-6612",0.0132939546079663,-0.0240170676010254,-0.00619149618497504
"PWY-6628",-0.00129181642812384,0.00131309864010629,-0.00268409252878968
"PWY-6630",-6.67835126088901e-05,-0.000370150946300561,-0.00370047525464064
"PWY-6641",0.220027062649779,-0.208815095529748,-0.358881577600993
"PWY-6654",0.00252476978630419,0.0625234987702483,-0.113839288021953
"PWY-6700",0.00781983462806975,-0.00763668088734921,-0.0160451321562672
"PWY-6703",0.000137983061273134,-0.00980919240566344,0.0110108694843123
"PWY-6731",0.0147488628734199,0.00151362576432943,-0.0521345294666268
"PWY-6748",-0.462342896824553,0.649224404971937,0.364091574781998
"PWY-6749",-0.0280189018175228,0.00741669962351321,0.0692492548782108
"PWY-6803",-0.174176772659155,0.0198150832896721,0.496710360873201
"PWY-6808",-0.0113472380654766,0.012764267853656,0.0305155272490075
"PWY-6823",0.0119202510731413,-0.0266631190770163,0.00231530453891357
"PWY-6837",-0.597917478066683,0.874011626737812,0.487690076047015
"PWY-6859",-0.0841646363040054,0.130700871059779,0.0408587881591301
"PWY-6873",-0.242647233360404,0.261366711890171,0.343443758886079
"PWY-6891",-0.00832445611367875,-0.00133697690286494,0.0231597392655506
"PWY-6895",-0.00770174336946015,-0.00164448745023266,0.0217523861258565
"PWY-6897",0.00400037828006779,-0.013256617403324,0.00478434974794783
"PWY-6901",-0.0151903655406691,0.0151146767925394,0.0174526496306793
"PWY-6902",-0.105708679292809,0.152119526760693,0.0720321042983604
"PWY-6906",-0.0591825253041434,-0.109268590754689,0.354301448670563
"PWY-6922",-0.0781055405537471,0.0661757391457537,0.127156146784256
"PWY-6936",0.0235370098498878,-0.0565512456412955,0.0153071864520773
"PWY-6961",-0.257999618235739,0.238994696118657,0.39725095460439
"PWY-6969",0.0163990950122726,-0.0254383209376234,-0.0133914520011887
"PWY-6992",-0.176303676674734,0.316106726546324,0.0377822799568522
"PWY-7013",0.0427248558737408,-0.00967543935964623,-0.119628777203649
"PWY-702",0.0249477988056751,-0.0551236142669917,0.00866674429173948
"PWY-7031",0.219519840386868,-0.284359837925454,-0.21453248513466
"PWY-7039",-0.386863383916713,0.387281490755944,0.591357017296641
"PWY-7052",-0.0491806903293675,0.0577937574500854,0.0521945132275552
"PWY-7072",-0.0983335888703714,-0.0103541962672778,0.322075166469272
"PWY-7090",0.0525742327421423,-0.052238619369363,-0.0806273263473424
"PWY-7094",-0.287858977820057,0.328291850366841,0.343587367678063
"PWY-7111",0.0169050673073972,-0.023040140813554,-0.0188380348566208
"PWY-7115",0.00171507043918253,-0.00403571978244257,-0.00320085362326923
"PWY-7117",0.0745353591521894,-0.193423561009662,0.0815422541873774
"PWY-7118",-0.265451390932653,0.28671331618174,0.342529250886176
"PWY-7159",-0.440534573155593,0.503345790954386,0.526693724938381
"PWY-7199",0.0635046382146928,-0.0319834271494327,-0.147016380464412
"PWY-7208",-0.0395195002120431,0.0445940826963587,0.0440565899680535
"PWY-7209",0.810939243296703,-0.960613604409566,-0.884269498723443
"PWY-7220",0.00838463302034436,-0.0269830641828575,0.0136630456225932
"PWY-7221",0.00507762345403522,-0.00194800278216076,-0.0168912123567144
"PWY-7222",0.00838463302034436,-0.0269830641828575,0.0136630456225932
"PWY-7228",-0.0315962631629523,0.033932483391666,0.0371167753753404
"PWY-7229",-0.018630725728293,0.0181769295308028,0.0230125920056011
"PWY-7234",-0.0273247741918321,-0.0368068273819486,0.13898672040841
"PWY-7237",-0.0152263777461008,-0.0284858133433663,0.0884137334806609
"PWY-7238",0.000528619706952261,-0.000353722798426513,-0.00555059335484279
"PWY-724",0.000367197616394929,-0.00143420153865137,-0.00330046024964275
"PWY-7254",0.0384487020450376,-0.0980278992267414,0.0370396911807837
"PWY-7282",-0.150904285674606,0.0452074871272438,0.384175713246964
"PWY-7286",0.00338930082474508,0.0634628902130781,-0.118013425421778
"PWY-7294",-0.320271055705881,0.376778406498166,0.339996316715919
"PWY-7315",0.002932270654412,-0.0171728116696714,0.0144192450343369
"PWY-7316",0.0227380805877128,-0.0166477769539081,-0.047089229299514
"PWY-7323",-0.0076515621786453,0.0059700984830163,0.0092250040874585
"PWY-7328",-0.0581531534990179,0.0857358241421222,0.0342668233100503
"PWY-7332",0.246683776131241,-0.336054284795122,-0.214202269463407
"PWY-7345",0.0010943974569578,0.0043404939741869,-0.0149113899697293
"PWY-7347",-0.0511791090781178,-0.0413339372306759,0.135063646044391
"PWY-7356",0.00899540913380918,0.00428901082869213,-0.0390245781186619
"PWY-7357",0.0120128230857438,-0.0233411969856075,-0.00336632064822133
"PWY-7371",-0.135932910233593,0.171883554633951,0.132477266260464
"PWY-7373",-0.111516611909845,0.0974334348656969,0.178683797267398
"PWY-7374",-0.123836108886235,0.157003041564513,0.119611645872016
"PWY-7376",-0.234254705480801,0.365796014164903,0.10416450721607
"PWY-7377",-0.0490599391800786,0.0782223160256066,0.0186283051476358
"PWY-7383",0.00808931628954475,-0.0214498530063906,0.00557598494891021
"PWY-7392",-0.0612849470984628,0.0950281189492366,0.02875796214679
"PWY-7399",-0.239858589739171,0.333141976537173,0.188704724153562
"PWY-7400",-0.00415829645347835,0.00866653831479172,-0.00585483692250479
"PWY-7431",-0.0044570206870734,0.0538290870719924,-0.0783291356875696
"PWY-7456",-0.106351840094557,0.144888305650467,0.0857525185578291
"PWY-7480",-0.155305505290246,0.210875345933649,0.128444177759455
"PWY-7560",0.00795347243544105,-0.0080661559475142,-0.015756500968569
"PWY-7644",-0.230171779317322,0.336709270197208,0.0793766855721458
"PWY-7663",0.00466890756983687,0.000944807487997009,-0.0203403366503641
"PWY-7674",-0.299751109925384,0.384521640635251,0.266225169405445
"PWY-7761",-0.00267131744395333,-0.0054418199292883,0.0125173720074545
"PWY-7783",-0.0899026837178934,0.0693689259049451,0.158095969240769
"PWY-7784",0.0971613158512539,-0.106886122994004,-0.128373074978953
"PWY-7790",0.00316406108808833,-0.00163662228674587,-0.0115369209160498
"PWY-7791",0.00664106105649269,-0.00559685202776179,-0.0157498599901409
"PWY-7805",0.452702869028046,-0.429248100013807,-0.751270305670174
"PWY-7807",-0.19556851272173,0.286188842997489,0.129365205289632
"PWY-7820",-0.350320735088418,0.387570272281026,0.43854906370187
"PWY-7851",0.00356390525831214,-0.00962433925510596,0.000218596386222677
"PWY-7853",0.205164970272905,-0.574352333450275,0.171509173711286
"PWY-7858",-0.601765147562692,0.885666061132427,0.488257070358624
"PWY-7883",0.0654899864266163,-0.0966926184393626,-0.0479440735172929
"PWY-7900",-0.336006849464142,0.386265079806502,0.396833726748625
"PWY-7913",-0.176659828564005,0.195734478061885,0.154289060642785
"PWY-7942",-0.0263972025384795,0.0427116040366253,0.0069285811648335
"PWY-7953",0.00928820825634338,-0.00839786713933191,-0.0193050987333792
"PWY-7977",0.00147489104333192,0.00128801099339671,-0.0111163667342164
"PWY-7992",-0.123131067645317,0.154280943322008,0.121875866715776
"PWY-8004",-0.135459803113072,-0.145183044961206,0.652734559639216
"PWY-801",-0.0331953861801156,0.0513780192217409,0.0136650938915302
"PWY-8011",-0.0431493614926448,0.0453941845833851,0.0538728745734797
"PWY-8020",-0.306656410142967,0.434460182761205,0.228630964026136
"PWY-8055",-0.808828267476934,0.785417644623619,1.136189029925
"PWY-8073",-0.00257236554980101,-0.00761095283864611,0.0157391728093239
"PWY-8131",0.057291396809785,-0.0018859086189299,-0.176896796273949
"PWY-8178",0.00644080235565971,0.000115969805135734,-0.0244199031972949
"PWY-8187",0.0201156404900743,0.0200148502739187,-0.0986347757457128
"PWY-8190",0.0596360232032507,-0.0544607358263105,-0.0986431203919449
"PWY-821",-0.085248296922836,0.0427878487679682,0.187036160028494
"PWY-822",-0.0772089064119828,0.110210232064318,0.0528541537324359
"PWY-841",-0.0242010363481192,0.0261972700488061,0.0270386149370596
"PWY-922",-0.296460268002369,0.211590476083392,0.559568552072
"PWY-I9",0.0463485867665172,-0.084155782843635,-0.00969589490129846
"PWY0-1061",0.01170894150218,-0.0171678786080117,-0.0124673256621533
"PWY0-1241",-0.0211868139015131,0.00344208207519474,0.0547847391514462
"PWY0-1261",0.0612468339102037,-0.0886959079276626,-0.0479440735172929
"PWY0-1296",0.0612369971865951,-0.121499688129189,0.00539219427623857
"PWY0-1297",0.0183465221742005,-0.0274644224228876,-0.0160630327710416
"PWY0-1319",0.0126377621130636,-0.0173908941629858,-0.0149494385061498
"PWY0-1337",-0.413018870601136,0.910620830398803,0.120895380318909
"PWY0-1415",0.0405590415049609,-0.210974759647673,0.214115424768783
"PWY0-1477",0.0734521544991146,-0.0812716597279491,-0.0973872711453641
"PWY0-1479",-0.0736370134476305,-0.0308059783498386,0.271066573452113
"PWY0-1533",-0.196615383096638,0.286807875374944,0.131565318199427
"PWY0-1586",0.00535373936715075,-0.0133216211845759,0.000745312563295237
"PWY0-162",-0.0617352232246174,0.0678545673784769,0.074293954085621
"PWY0-301",-0.0909622219865717,0.0747196510651909,0.152645876803196
"PWY0-321",0.427338131930393,-0.583208614193349,-0.446409336106807
"PWY0-41",-0.41919038336637,0.460453282285342,0.51465488491706
"PWY0-42",-0.234319171504218,0.224806413283172,0.347785546096769
"PWY0-781",0.0115352173010756,-0.0306956252453568,0.0100472929894162
"PWY0-845",-0.15483208449471,0.0349004761774017,0.412953489927029
"PWY0-862",-0.105255702336234,-0.149946424739468,0.561502033556609
"PWY1G-0",-0.100298024012345,0.156123475514028,0.0484271586233575
"PWY1ZNC-1",0.0334006169395986,-0.0427635325241213,-0.0373051440755657
"PWY3O-4107",-0.0783702822310819,0.124889169365854,0.0325575940634331
"PWY490-3",-0.0336707187566769,0.0552158086782392,0.00888439204044019
"PWY4FS-7",0.018056939417734,-0.0213208972396341,-0.0251594140021489
"PWY4FS-8",0.0180569394347926,-0.0213208972595349,-0.0251594140220496
"PWY4LZ-257",-0.157891835727414,0.130870495783365,0.287230719179039
"PWY66-367",0.159448877316674,0.200310610616866,-0.721490151973147
"PWY66-388",-0.20849639967516,0.331203789782649,0.0830428152324914
"PWY66-389",0.0305964604524252,-0.0277849368331408,-0.0530576328314444
"PWY66-391",-0.603798018845062,0.891477509786872,0.488787325700796
"PWY66-399",0.000798882815060926,-0.00658891855293012,0.00375391897764558
"PWY66-409",0.050997603836347,-0.070920703084358,-0.0454405142864747
"PWY6666-2",-0.0909199547859376,0.0834702945611323,0.13829663782035
"PYRIDNUCSAL-PWY",-0.0483227738833833,0.0602368124718973,0.0455971797012864
"PYRIDNUCSYN-PWY",0.0134208557122027,-0.021199156237196,-0.011159236782923
"PYRIDOXSYN-PWY",-0.15106309697459,0.0270654335848784,0.41414290985951
"REDCITCYC",0.0388510673421239,-0.0994339981316339,0.0380923581789068
"RHAMCAT-PWY",-0.020342768926418,0.00809409162506955,0.0446403358966711
"RIBOSYN2-PWY",0.000333014212452759,-0.00698602301065348,0.00582593631692984
"RUMP-PWY",-0.00789781762628016,-0.00169934088435184,0.0224420003678119
"SALVADEHYPOX-PWY",0.0281310382814043,-0.0278543048344037,-0.0453945544306395
"SER-GLYSYN-PWY",-0.00455473928197608,0.00842714466768565,-0.00425171608368235
"SO4ASSIM-PWY",0.0334006169395986,-0.0427635325241213,-0.0373051440755657
"SUCSYN-PWY",-0.052562082774722,-0.0384820436673622,0.134640942815892
"SULFATE-CYS-PWY",0.0260338687050925,-0.0335387479450406,-0.0297347525483981
"THISYNARA-PWY",0.000167259593549963,-0.000574552273392987,-0.00408508011072662
"THRESYN-PWY",-0.000647462428582379,-0.00141246006960479,-0.000228393749101391
"TRNA-CHARGING-PWY",0.00895466292753168,-0.00733161036695349,-0.0200162834190107
"TYRFUMCAT-PWY",-0.421080144643087,0.583724934102403,0.410687174384853
"UDPNAGSYN-PWY",0.0038554438956231,0.00383681640667131,-0.02254861864093
"URDEGR-PWY",-0.212304149244098,0.211037410279854,0.302739170305543
"URSIN-PWY",0.00572534395411388,-0.0953696766412953,0.128630699967872
"VALSYN-PWY",-0.00447755890616351,0.00297454352757641,0.00437239586806796
