"taxon","lfc_(Intercept)","lfc_RFIClass2MidRFI","lfc_RFIClass3HighRFI","se_(Intercept)","se_RFIClass2MidRFI","se_RFIClass3HighRFI","W_(Intercept)","W_RFIClass2MidRFI","W_RFIClass3HighRFI","p_(Intercept)","p_RFIClass2MidRFI","p_RFIClass3HighRFI","q_(Intercept)","q_RFIClass2MidRFI","q_RFIClass3HighRFI","diff_(Intercept)","diff_RFIClass2MidRFI","diff_RFIClass3HighRFI","passed_ss_(Intercept)","passed_ss_RFIClass2MidRFI","passed_ss_RFIClass3HighRFI","diff_robust_(Intercept)","diff_robust_RFIClass2MidRFI","diff_robust_RFIClass3HighRFI"
"Absconditicoccaceae",-0.105625934441136,0.0415511908879118,0.236742567456437,0.259548931319092,0.293223499645295,0.322839719751989,-0.406959619923376,0.141704846092401,0.733313012532368,0.685925132657563,0.887931948078423,0.467088455499759,0.968682111838657,0.988329030448414,0.968634091766063,FALSE,FALSE,FALSE,TRUE,TRUE,TRUE,FALSE,FALSE,FALSE
"Acetobacteraceae",-0.217031088247656,0.264078135592177,0.308169021193892,0.301845637876423,0.360595674143083,0.40677564430265,-0.719013499000802,0.732338612269076,0.75758965786213,0.47751795516985,0.469463068308207,0.454417265464172,0.968682111838657,0.988329030448414,0.968634091766063,FALSE,FALSE,FALSE,TRUE,TRUE,TRUE,FALSE,FALSE,FALSE
"Acidaminococcaceae",-0.166198164193087,0.208914108352648,0.150280280191588,0.184226963683257,0.217203838255525,0.235828074550072,-0.902138106552267,0.961834330509736,0.637245079824791,0.371683160453745,0.341161811637213,0.527124295850537,0.968682111838657,0.988329030448414,0.968634091766063,FALSE,FALSE,FALSE,TRUE,TRUE,TRUE,FALSE,FALSE,FALSE
"Acutalibacteraceae",0.0863531235324243,-0.0575985758264672,-0.190074926676727,0.186851451800937,0.214462898538603,0.242576610325673,0.462148528684812,-0.268571283046887,-0.783566587155869,0.646153285349969,0.789460462805406,0.437310501861381,0.968682111838657,0.988329030448414,0.968634091766063,FALSE,FALSE,FALSE,TRUE,TRUE,TRUE,FALSE,FALSE,FALSE
"Anaerolineaceae",0.102951481323852,-0.145563119359224,-0.100426027254169,0.249112590551589,0.302565834356999,0.320591702600668,0.413272894380388,-0.481095691681677,-0.313252109893999,0.681560283654235,0.633006127404531,0.755677189124319,0.968682111838657,0.988329030448414,0.968634091766063,FALSE,FALSE,FALSE,TRUE,TRUE,TRUE,FALSE,FALSE,FALSE
"Anaeroplasmataceae",0.0806670719984793,-0.146365037649672,-0.0284158933913139,0.253220636403784,0.301396769450599,0.323370397772586,0.318564367991904,-0.485622450155897,-0.0878741331520942,0.751498832667066,0.629540027609107,0.930358156896769,0.968682111838657,0.988329030448414,0.980601870514015,FALSE,FALSE,FALSE,TRUE,TRUE,TRUE,FALSE,FALSE,FALSE
"Anaerovoracaceae",0.00656811158819527,0.033983002000524,-0.0945533915663849,0.144920441699132,0.18007722306695,0.199955910801404,0.0453221885828312,0.188713494254016,-0.472871200393247,0.964046685391438,0.85114750473812,0.638541202119321,0.97800010349945,0.988329030448414,0.968634091766063,FALSE,FALSE,FALSE,TRUE,TRUE,TRUE,FALSE,FALSE,FALSE
"Aristaeellaceae",-0.174428836488856,0.224880086590543,0.149541999460803,0.213229352004141,0.236350539075398,0.26593978393416,-0.818033890969518,0.951468473354333,0.562315262683022,0.417555221639808,0.346339419109551,0.57663138063571,0.968682111838657,0.988329030448414,0.968634091766063,FALSE,FALSE,FALSE,TRUE,TRUE,TRUE,FALSE,FALSE,FALSE
"Atopobiaceae",-0.53155294319478,0.343119555529228,1.12791311388131,0.43357137520919,0.497913653907883,0.535626349652896,-1.22598716979025,0.689114574055661,2.10578347128038,0.245802414421971,0.505027211018668,0.0590063569311707,0.968682111838657,0.988329030448414,0.968634091766063,FALSE,FALSE,FALSE,TRUE,TRUE,TRUE,FALSE,FALSE,FALSE
"Bacillaceae_H_294103",0.0825814885925112,-0.0207439840493946,-0.201076565816786,0.19920034091375,0.250629044913235,0.285656948157646,0.414564996293191,-0.0827676778506497,-0.703909241884841,0.68079145439922,0.934470730981631,0.485780631804327,0.968682111838657,0.990041962583325,0.968634091766063,FALSE,FALSE,FALSE,TRUE,TRUE,TRUE,FALSE,FALSE,FALSE
"Bacteroidaceae",-0.0778696284228796,0.04835643206848,0.140680363357104,0.177173659967161,0.2002505344781,0.216086454190637,-0.439510186995701,0.241479665432645,0.651037400211085,0.662349834570114,0.810256597797896,0.518261493165286,0.968682111838657,0.988329030448414,0.968634091766063,FALSE,FALSE,FALSE,TRUE,TRUE,TRUE,FALSE,FALSE,FALSE
"BICA1-8",0.233367446497301,-0.171153841793724,-0.760115220836567,0.334930432485425,0.406482857975127,0.461060215141605,0.696763936216684,-0.421060417273972,-1.64862461750926,0.498221109946305,0.680588984673157,0.123167447335629,0.968682111838657,0.988329030448414,0.968634091766063,FALSE,FALSE,FALSE,TRUE,TRUE,TRUE,FALSE,FALSE,FALSE
"Bifidobacteriaceae",0.971194388240924,-1.18941309561377,-0.839732833357976,0.308872885296334,0.400225773186387,0.440749778613993,3.14431740199259,-2.97185532591838,-1.9052371075458,0.00344652357674504,0.00540405031525376,0.0652351952738859,0.289507980446583,0.453940226481316,0.968634091766063,FALSE,FALSE,FALSE,TRUE,TRUE,TRUE,FALSE,FALSE,FALSE
"Bin106",-0.269338851095759,0.243086397827358,0.342590840704641,0.284462786511613,0.358092068894988,0.408135196986887,-0.946833342943309,0.67883770388292,0.839405283430255,0.355611109761461,0.505426222989145,0.411679608092613,0.968682111838657,0.988329030448414,0.968634091766063,FALSE,FALSE,FALSE,TRUE,TRUE,TRUE,FALSE,FALSE,FALSE
"Borkfalkiaceae",0.129299597532882,-0.154848077594891,-0.168707781385748,0.440139855918474,0.489585188942309,0.524730059674055,0.293769345798196,-0.316284236313238,-0.321513468259363,0.770347489110772,0.753317062198655,0.749378998061467,0.968682111838657,0.988329030448414,0.968634091766063,FALSE,FALSE,FALSE,TRUE,TRUE,TRUE,FALSE,FALSE,FALSE
"CAG-1252",0.485446766114454,-0.61743491718428,-0.686638075920912,0.314746523007521,0.398896970438761,0.460938783889571,1.54234195020116,-1.54785561922203,-1.48965133748739,0.133833353782139,0.132502002552035,0.147112346318612,0.968682111838657,0.988329030448414,0.968634091766063,FALSE,FALSE,FALSE,TRUE,TRUE,TRUE,FALSE,FALSE,FALSE
"CAG-138",-0.0636384132586618,0.0833682971258842,0.0402029861984042,0.176589811384731,0.21514593745688,0.242781857180705,-0.360374207094059,0.387496497081629,0.1655930416929,0.720216854082133,0.700175892339809,0.869202865442568,0.968682111838657,0.988329030448414,0.968634091766063,FALSE,FALSE,FALSE,TRUE,TRUE,TRUE,FALSE,FALSE,FALSE
"CAG-239",0.157827845427702,-0.325420964318751,-0.0674348970517539,0.36226159901818,0.41412903336786,0.466239093050471,0.435673684032353,-0.785796063783067,-0.144635870429797,0.665538419307866,0.436859562342117,0.885762779325093,0.968682111838657,0.988329030448414,0.968634091766063,FALSE,FALSE,FALSE,TRUE,TRUE,TRUE,FALSE,FALSE,FALSE
"CAG-272",-0.0520720774857178,0.124281939112754,-0.0617035853349007,0.280564679203725,0.310797529649785,0.339444491943892,-0.185597408888048,0.399880717368631,-0.181778131032687,0.853576466521556,0.691095249263194,0.856555515229868,0.968682111838657,0.988329030448414,0.968634091766063,FALSE,FALSE,FALSE,TRUE,TRUE,TRUE,FALSE,FALSE,FALSE
"CAG-274",-0.338807116446762,0.450726993168097,0.36046207521014,0.250449618381588,0.311465863828544,0.348522097207296,-1.35279549889572,1.44711522356817,1.0342588837222,0.185049197724701,0.157022503440819,0.308315899499783,0.968682111838657,0.988329030448414,0.968634091766063,FALSE,FALSE,FALSE,FALSE,TRUE,TRUE,FALSE,FALSE,FALSE
"CAG-314",-0.238236556204961,0.0574249609779799,0.447051749242734,0.289619907574146,0.36542224914801,0.428055413596189,-0.822583496419251,0.157146865336929,1.04437821609813,0.420444644264333,0.876704728018853,0.30877007780026,0.968682111838657,0.988329030448414,0.968634091766063,FALSE,FALSE,FALSE,TRUE,TRUE,TRUE,FALSE,FALSE,FALSE
"CAG-382",-0.297813000672686,0.381087283772998,0.24712477966806,0.267825606228058,0.336280518639666,0.393124593388175,-1.11196612178708,1.13324222680097,0.62861694186618,0.277167817050006,0.26830678123364,0.535537287019318,0.968682111838657,0.988329030448414,0.968634091766063,FALSE,FALSE,FALSE,TRUE,TRUE,TRUE,FALSE,FALSE,FALSE
"CAG-508",0.0542502685399085,-0.134918840687964,0.0338854971377849,0.183192310665679,0.210632400758992,0.230470223467959,0.296138349599802,-0.640541721984833,0.147027657750745,0.768457298278522,0.524998664130484,0.883752706249997,0.968682111838657,0.988329030448414,0.968634091766063,FALSE,FALSE,FALSE,TRUE,TRUE,TRUE,FALSE,FALSE,FALSE
"CAG-826",0.190266052950665,-0.121967139236926,-0.403709357478094,0.200545618143534,0.242751353807043,0.270421192562353,0.948742010481067,-0.502436494479343,-1.49289097371689,0.347709793544546,0.617757424931563,0.142293332065663,0.968682111838657,0.988329030448414,0.968634091766063,FALSE,FALSE,FALSE,TRUE,TRUE,TRUE,FALSE,FALSE,FALSE
"Campylobacteraceae",0.267226565592513,-0.326620067651215,-0.252413767132655,0.231060273458147,0.292710600421137,0.326461281812097,1.15652319454611,-1.11584639292629,-0.773181327144142,0.255771180408484,0.272547640571049,0.44491838437748,0.968682111838657,0.988329030448414,0.968634091766063,FALSE,FALSE,FALSE,TRUE,TRUE,TRUE,FALSE,FALSE,FALSE
"Christensenellaceae",0.0357385813932663,-0.0721870569824771,-0.0113616094970398,0.2717132400414,0.296042928945153,0.328507737598118,0.131530511313402,-0.243839828364389,-0.0345855156414585,0.895929257726783,0.808439133937181,0.972559896120618,0.968682111838657,0.988329030448414,0.985536075087419,FALSE,FALSE,FALSE,TRUE,TRUE,TRUE,FALSE,FALSE,FALSE
"Desulfobulbaceae",-0.258126409861224,0.188520476387516,0.365361349058363,0.285209887153872,0.357807045032067,0.401471302708674,-0.905040187901914,0.526877486078064,0.910055953173535,0.376777802657057,0.60437633570262,0.37419395636531,0.968682111838657,0.988329030448414,0.968634091766063,FALSE,FALSE,FALSE,TRUE,TRUE,TRUE,FALSE,FALSE,FALSE
"Desulfovibrionaceae",0.137800261877138,-0.0860496306885028,-0.284217594921425,0.137766736475403,0.185153702007646,0.2494702434809,1.00024334903034,-0.464747016967284,-1.13928455336272,0.322541196221413,0.644353598557651,0.260612915194256,0.968682111838657,0.988329030448414,0.968634091766063,FALSE,FALSE,FALSE,TRUE,TRUE,TRUE,FALSE,FALSE,FALSE
"Dethiosulfovibrionaceae",0.039866540918209,-0.154318104716831,0.111367601468659,0.426690826566448,0.464319165350071,0.49072780155973,0.0934319147168276,-0.332353510759099,0.226943737678378,0.926026865689071,0.741357801830443,0.821623372233606,0.968682111838657,0.988329030448414,0.968634091766063,FALSE,FALSE,FALSE,TRUE,TRUE,TRUE,FALSE,FALSE,FALSE
"Elusimicrobiaceae",0.117694251573327,-0.199710579208098,-0.0797281145889665,0.315352643626104,0.359987974655095,0.397827368389796,0.373214729453387,-0.554770140306606,-0.200408822831032,0.711118420779338,0.582390280472833,0.842258385877171,0.968682111838657,0.988329030448414,0.968634091766063,FALSE,FALSE,FALSE,TRUE,TRUE,TRUE,FALSE,FALSE,FALSE
"Endomicrobiaceae",0.181766369020845,-0.221257698972798,-0.242867787104891,0.261462080332474,0.342339247847792,0.372138671180978,0.69519208594115,-0.646311225966039,-0.652627114333893,0.493899315892308,0.524475126209287,0.520466980059851,0.968682111838657,0.988329030448414,0.968634091766063,FALSE,FALSE,FALSE,TRUE,TRUE,TRUE,FALSE,FALSE,FALSE
"Erysipelotrichaceae",-0.000248111459764262,-0.051899376710488,0.0658801569233853,0.190938126319206,0.224205234248688,0.233884630335349,-0.00129943382470128,-0.231481556995772,0.281678008635817,0.998968821157395,0.817967337831819,0.779453758285331,0.998968821157395,0.988329030448414,0.968634091766063,FALSE,FALSE,FALSE,TRUE,TRUE,TRUE,FALSE,FALSE,FALSE
"F082",0.204495465917557,-0.14456159283209,-0.521840193794645,0.388443400461238,0.454300149542496,0.488195877879037,0.526448552542633,-0.318207231447472,-1.06891560834511,0.602722341148634,0.752689044650977,0.294236699112375,0.968682111838657,0.988329030448414,0.968634091766063,FALSE,FALSE,FALSE,TRUE,TRUE,TRUE,FALSE,FALSE,FALSE
"Fibrobacteraceae",-0.366577380283857,0.42152695869124,0.418445747669362,0.358522333079213,0.380322732906322,0.392506115996557,-1.0224673512957,1.10834016013202,1.06608720378011,0.31190706537649,0.27347642516481,0.291947918820865,0.968682111838657,0.988329030448414,0.968634091766063,FALSE,FALSE,FALSE,TRUE,TRUE,TRUE,FALSE,FALSE,FALSE
"Flavobacteriaceae",0.0267233309030738,-0.080438156160405,0.0131889593830213,0.280830343246003,0.348055067960674,0.398182387352021,0.0951582745446581,-0.231107556145378,0.0331229100079743,0.92484361215917,0.818854056129473,0.97380350276495,0.968682111838657,0.988329030448414,0.985536075087419,FALSE,FALSE,FALSE,TRUE,TRUE,TRUE,FALSE,FALSE,FALSE
"Gastranaerophilaceae",-0.0531687983882673,-0.256758954027463,0.539319497332128,0.515779734259725,0.574866472166835,0.579216521300069,-0.103084310717594,-0.446641031367972,0.931118981415809,0.918364464522957,0.65732491837503,0.356872999693179,0.968682111838657,0.988329030448414,0.968634091766063,FALSE,FALSE,FALSE,TRUE,TRUE,TRUE,FALSE,FALSE,FALSE
"Lachnospiraceae",-0.0407480871785629,0.0349213795958381,0.0488276035644245,0.139588338147584,0.170257348611837,0.192045900086271,-0.29191612794674,0.205109382241433,0.254249653559331,0.771663255780316,0.838391607039249,0.800435820668084,0.968682111838657,0.988329030448414,0.968634091766063,FALSE,FALSE,FALSE,TRUE,TRUE,TRUE,FALSE,FALSE,FALSE
"Lactobacillaceae",-0.408212164089583,0.341399871850156,0.827866941448987,0.360377353518879,0.433650743639912,0.489380845219339,-1.13273534006403,0.787269194985266,1.69166192248072,0.281412092258265,0.447755341643536,0.118810595467258,0.968682111838657,0.988329030448414,0.968634091766063,FALSE,FALSE,FALSE,TRUE,TRUE,TRUE,FALSE,FALSE,FALSE
"Methanobacteriaceae",-0.0174017456445859,0.0653605260125209,-0.0721341803104891,0.209259920420271,0.245040113364653,0.254373194199253,-0.0831585217543654,0.266733985366941,-0.28357618630989,0.934086322130134,0.790866114209965,0.778007620262081,0.968682111838657,0.988329030448414,0.968634091766063,FALSE,FALSE,FALSE,TRUE,TRUE,TRUE,FALSE,FALSE,FALSE
"Mitochondria",0.0531770381564051,-0.055751060945898,-0.0720405717772073,0.288204579946163,0.332271522357571,0.367261685540826,0.18451142645387,-0.167787659172013,-0.196155968927499,0.854521901301567,0.867575245203716,0.8454571202703,0.968682111838657,0.988329030448414,0.968634091766063,FALSE,FALSE,FALSE,TRUE,TRUE,TRUE,FALSE,FALSE,FALSE
"ML635J-15",0.347872721107899,-0.536160751608779,-0.320568410063752,0.281633787808521,0.336628888207469,0.378064812561324,1.23519526479689,-1.59273541395632,-0.847919191135392,0.226037762845574,0.121366468894234,0.402982573208898,0.968682111838657,0.988329030448414,0.968634091766063,FALSE,FALSE,FALSE,TRUE,TRUE,TRUE,FALSE,FALSE,FALSE
"Muribaculaceae",0.754994563998499,-0.661093852448428,-1.18767992480221,0.431633558921351,0.518806860069077,0.625110450114792,1.74915631186144,-1.27425811671111,-1.89995211979596,0.088130926880738,0.210112868951931,0.0648515091895639,0.968682111838657,0.988329030448414,0.968634091766063,FALSE,FALSE,FALSE,TRUE,TRUE,TRUE,FALSE,FALSE,FALSE
"Mycoplasmoidaceae",-0.016591043261114,0.0575520627517019,-0.0619282035610401,0.391227262017334,0.432332161299694,0.449028667555602,-0.0424076869683456,0.13312001258173,-0.137915923939025,0.966357245124457,0.89467912356476,0.890908815251119,0.97800010349945,0.988329030448414,0.968634091766063,FALSE,FALSE,FALSE,TRUE,TRUE,TRUE,FALSE,FALSE,FALSE
"Nanosyncoccaceae",-0.100683217108454,0.0630738707328518,0.186631140877071,0.268972702756583,0.298393763713054,0.312673400652731,-0.37432503773281,0.21137797904351,0.596888448097802,0.709882563845438,0.833526048143933,0.553508489267976,0.968682111838657,0.988329030448414,0.968634091766063,FALSE,FALSE,FALSE,TRUE,TRUE,TRUE,FALSE,FALSE,FALSE
"Oscillospiraceae_88309",0.073765952751968,-0.0745433309359447,-0.123991489108678,0.185290949994421,0.213224588776369,0.234545481005942,0.398108773009091,-0.349600068940108,-0.528645824156966,0.692391742666435,0.728234373055271,0.599592740116425,0.968682111838657,0.988329030448414,0.968634091766063,FALSE,FALSE,FALSE,TRUE,TRUE,TRUE,FALSE,FALSE,FALSE
"P3",-0.446567751730617,0.602754246421079,0.368921917664077,0.4919878308282,0.510280951210854,0.536760457606003,-0.907680482622662,1.18122035516081,0.6873120261308,0.368777832864683,0.243586435491365,0.495337019113847,0.968682111838657,0.988329030448414,0.968634091766063,FALSE,FALSE,FALSE,TRUE,TRUE,TRUE,FALSE,FALSE,FALSE
"Paludibacteraceae",0.107592713376994,-0.155463336449644,-0.0960909345630585,0.159084588029344,0.19190984670256,0.216130960400769,0.676323927476548,-0.810085251595224,-0.444595880131556,0.502221609161008,0.422062259029797,0.658696695846892,0.968682111838657,0.988329030448414,0.968634091766063,FALSE,FALSE,FALSE,TRUE,TRUE,TRUE,FALSE,FALSE,FALSE
"Ruminococcaceae",-0.0268275372081827,-0.0503649223960048,0.144786160016882,0.152905955425843,0.187298575476032,0.204843827522169,-0.175451225123757,-0.268901790993333,0.706812412989171,0.86149514923193,0.789207677820107,0.483248292962777,0.968682111838657,0.988329030448414,0.968634091766063,FALSE,FALSE,FALSE,TRUE,TRUE,TRUE,FALSE,FALSE,FALSE
"Saccharofermentanaceae",0.0689006895924889,-0.0577814678153471,-0.136329648253744,0.15102717033628,0.185090738103445,0.204729769606451,0.456213868266706,-0.312179142011168,-0.665900462428152,0.650382911253251,0.756315121715992,0.508800454074724,0.968682111838657,0.988329030448414,0.968634091766063,FALSE,FALSE,FALSE,TRUE,TRUE,TRUE,FALSE,FALSE,FALSE
"Selenomonadaceae_42771",-0.104893041877608,-0.0120316725717643,0.323583134403111,0.459458148011985,0.52206887699282,0.520070264850578,-0.228297272192182,-0.0230461402738048,0.622191185062428,0.820449402400486,0.981715359879268,0.536956180542171,0.968682111838657,0.993543255781427,0.968634091766063,FALSE,FALSE,FALSE,TRUE,TRUE,TRUE,FALSE,FALSE,FALSE
"Sphaerochaetaceae",-0.0424476855689988,0.102611814560001,-0.16002643339207,0.393008927468437,0.463579446921638,0.488028799828844,-0.108006924530761,0.221346772902437,-0.327903667669188,0.914709337120465,0.826322169096762,0.745262046858447,0.968682111838657,0.988329030448414,0.968634091766063,FALSE,FALSE,FALSE,TRUE,TRUE,TRUE,FALSE,FALSE,FALSE
"Sphingobacteriaceae",-0.101021039604564,0.239196694530636,-0.0482537888449158,0.209610085559127,0.254809633264909,0.2927688026648,-0.481947418393988,0.938727046798731,-0.164818752564162,0.632537003480832,0.353648610599345,0.869937975443589,0.968682111838657,0.988329030448414,0.968634091766063,FALSE,FALSE,FALSE,TRUE,TRUE,TRUE,FALSE,FALSE,FALSE
"Succinivibrionaceae",-0.224918767874846,-0.0811035031301263,0.801390747626485,0.721916055343908,0.780912973189135,0.774548635270861,-0.311558063032272,-0.103857287450241,1.03465516706544,0.756784118907237,0.917734099702099,0.306238905364804,0.968682111838657,0.988329030448414,0.968634091766063,FALSE,FALSE,FALSE,TRUE,TRUE,TRUE,FALSE,FALSE,FALSE
"Thermoactinomycetaceae_367745",0.356501092202147,-0.597563117690628,-0.344293067742904,0.31326208260271,0.392285215660503,0.443079693596159,1.1380282262066,-1.52328737825231,-0.777045467709262,0.279288782470418,0.155904862918402,0.453518459220634,0.968682111838657,0.988329030448414,0.968634091766063,FALSE,FALSE,FALSE,TRUE,TRUE,TRUE,FALSE,FALSE,FALSE
"Thermoguttaceae",-0.164598115114453,0.173788101614982,0.20245989083698,0.183583611670262,0.21954211495429,0.252468457793384,-0.896583924986133,0.791593456458985,0.80192152558982,0.374609344245614,0.432660804844943,0.426721785036029,0.968682111838657,0.988329030448414,0.968634091766063,FALSE,FALSE,FALSE,TRUE,TRUE,TRUE,FALSE,FALSE,FALSE
"Treponemataceae",-0.0719895391091889,0.000545306203254919,0.200365669364916,0.18641451326568,0.217217107369212,0.231897583786364,-0.386179905459338,0.00251042014995643,0.864026550399517,0.70114391105584,0.998007832286925,0.392056482900902,0.968682111838657,0.998007832286925,0.968634091766063,FALSE,FALSE,FALSE,TRUE,TRUE,TRUE,FALSE,FALSE,FALSE
"UBA1067",0.156413050293543,-0.310802668409101,0.0251677261253336,0.205816629721947,0.276724848803149,0.301785726349532,0.759963130796833,-1.12314694453115,0.0833960122294985,0.451239931417112,0.267331607195729,0.933906543346681,0.968682111838657,0.988329030448414,0.980601870514015,FALSE,FALSE,FALSE,TRUE,TRUE,TRUE,FALSE,FALSE,FALSE
"UBA1242",-0.149200418899416,0.148815778508219,0.209649443525252,0.383304989064875,0.425630894754,0.440727704198607,-0.389247265639329,0.349635753283909,0.475689278273228,0.698970796109812,0.728280060772079,0.636649068406917,0.968682111838657,0.988329030448414,0.968634091766063,FALSE,FALSE,FALSE,TRUE,TRUE,TRUE,FALSE,FALSE,FALSE
"UBA1381",-0.0849063929373969,0.164053522879666,-0.0213298112683184,0.296200009006329,0.339035513144377,0.354541259864373,-0.286652229425093,0.483883004934071,-0.0601617179238262,0.775787986274396,0.63098242133846,0.952312198543234,0.968682111838657,0.988329030448414,0.985536075087419,FALSE,FALSE,FALSE,TRUE,TRUE,TRUE,FALSE,FALSE,FALSE
"UBA1829",-0.0343587694902631,-0.0162839218314987,0.0516528604656649,0.304455888242626,0.35260258953973,0.405815395045586,-0.112853030002435,-0.0461820823629088,0.127281668207444,0.910791888075818,0.963427627844831,0.899445942354201,0.968682111838657,0.990041962583325,0.968634091766063,FALSE,FALSE,FALSE,TRUE,TRUE,TRUE,FALSE,FALSE,FALSE
"UBA3636",0.248229478244028,-0.296674494929727,-0.438328190680164,0.329796639367811,0.392088866932726,0.432839494739358,0.752674371454664,-0.756651157301619,-1.01268067264544,0.458158201649639,0.455811074781351,0.320202292211023,0.968682111838657,0.988329030448414,0.968634091766063,FALSE,FALSE,FALSE,TRUE,TRUE,TRUE,FALSE,FALSE,FALSE
"UBA3830",-0.109271387707374,0.0982310159046718,0.186956871065995,0.308412757226924,0.363397343524651,0.40184952943857,-0.354302424743651,0.270312971888877,0.465240985418585,0.725070847819743,0.788382229586826,0.6444141695073,0.968682111838657,0.988329030448414,0.968634091766063,FALSE,FALSE,FALSE,TRUE,TRUE,TRUE,FALSE,FALSE,FALSE
"UBA660",0.0375395365612167,-0.0548982066253527,-0.0859589141430707,0.347656438788165,0.376304740013189,0.40250938120073,0.107978833045835,-0.145887629859322,-0.213557542153789,0.914514758428517,0.8846918633497,0.831901479617169,0.968682111838657,0.988329030448414,0.968634091766063,FALSE,FALSE,FALSE,TRUE,TRUE,TRUE,FALSE,FALSE,FALSE
"UBA929",-0.123595357943449,0.115864454940275,0.0636203711161596,0.273076331134474,0.342419012041861,0.383681647439775,-0.45260370032797,0.338370390853503,0.165815517996977,0.655074481722545,0.7381534817037,0.869751069154993,0.968682111838657,0.988329030448414,0.968634091766063,FALSE,FALSE,FALSE,TRUE,TRUE,TRUE,FALSE,FALSE,FALSE
"UBA932",-0.0965394701416501,0.189798303112035,-0.03198628682494,0.168588905434938,0.196524321253223,0.222461171061053,-0.572632403612742,0.965775136134314,-0.143783684462227,0.569682103724261,0.3392069278539,0.886299344155304,0.968682111838657,0.988329030448414,0.968634091766063,FALSE,FALSE,FALSE,TRUE,TRUE,TRUE,FALSE,FALSE,FALSE
"Unidentified_Family1",-0.450451043011757,0.187387187148342,1.05578596853077,0.549309764129017,0.594548931458828,0.592626046399964,-0.82003101424201,0.315175382938718,1.78153824818259,0.416427433598491,0.754053866857028,0.0814272479814163,0.968682111838657,0.988329030448414,0.968634091766063,FALSE,FALSE,FALSE,TRUE,TRUE,TRUE,FALSE,FALSE,FALSE
"Unidentified_Family14",0.145957794803501,0.0423975872214039,-0.550309860972947,0.285424180171656,0.396128968149864,0.402017161959077,0.511371512797974,0.107029757049638,-1.36887156332138,0.611902357930127,0.915300395081997,0.178677985761911,0.968682111838657,0.988329030448414,0.968634091766063,FALSE,FALSE,FALSE,TRUE,TRUE,TRUE,FALSE,FALSE,FALSE
"Unidentified_Family15",-0.424709323355827,0.494038348429456,0.478643815002667,0.416016311133107,0.479478800836555,0.452011633425693,-1.02089584468225,1.03036536248839,1.05891923925748,0.312643088924832,0.308225862145357,0.29516550760615,0.968682111838657,0.988329030448414,0.968634091766063,FALSE,FALSE,FALSE,TRUE,TRUE,TRUE,FALSE,FALSE,FALSE
"Unidentified_Family16",0.208981002771899,-0.42037678691065,0.0981003869171473,0.23070208418982,0.294845615906232,0.375328877103027,0.905847918564757,-1.42575220465323,0.261371807238319,0.371786784572483,0.163622611150571,0.795480747297257,0.968682111838657,0.988329030448414,0.968634091766063,FALSE,FALSE,FALSE,TRUE,TRUE,TRUE,FALSE,FALSE,FALSE
"Unidentified_Family17",-0.226824302892103,0.20834399849477,0.344316170559224,0.329955670683288,0.363344475684813,0.429303368971165,-0.687438716911227,0.573406264405408,0.802034634352823,0.495497681104758,0.569356598499814,0.426943302725559,0.968682111838657,0.988329030448414,0.968634091766063,FALSE,FALSE,FALSE,TRUE,TRUE,TRUE,FALSE,FALSE,FALSE
"Unidentified_Family18",-0.213153783251606,0.275126290085702,0.163084801353549,0.350785342541626,0.396241751948041,0.438685414103809,-0.607647348396014,0.694339475164089,0.371757975328893,0.547709782284806,0.492479912506763,0.712523475500339,0.968682111838657,0.988329030448414,0.968634091766063,FALSE,FALSE,FALSE,TRUE,TRUE,TRUE,FALSE,FALSE,FALSE
"Unidentified_Family19",-0.124805239618654,0.170884297614883,0.0928163209779043,0.503307326722296,0.53139080577353,0.565211532214085,-0.247970242021762,0.321579326849909,0.164215193229193,0.805285496351363,0.749260416824553,0.870297130823947,0.968682111838657,0.988329030448414,0.968634091766063,FALSE,FALSE,FALSE,TRUE,TRUE,TRUE,FALSE,FALSE,FALSE
"Unidentified_Family2",-0.367367993575877,0.444085449950592,0.376036789013296,0.221836096703435,0.274090271737219,0.296646849025453,-1.65603343655563,1.62021602275747,1.26762441687365,0.104673021911367,0.112173530093043,0.211452365790286,0.968682111838657,0.988329030448414,0.968634091766063,FALSE,FALSE,FALSE,TRUE,TRUE,TRUE,FALSE,FALSE,FALSE
"Unidentified_Family23",-0.669681805679308,0.956548934128894,0.205880149668175,0.2567858930505,0.358002688831974,0.370602679371372,-2.60793845691362,2.67190432912598,0.555527957912759,0.0144454731562811,0.0124285888047437,0.582945455041062,0.606709872563806,0.522000729799234,0.968634091766063,FALSE,FALSE,FALSE,TRUE,TRUE,TRUE,FALSE,FALSE,FALSE
"Unidentified_Family24",-0.0815874373516444,0.13128446547206,0.0054711322059021,0.249113852209994,0.317000383784359,0.362554967013776,-0.327510640728518,0.414146077379409,0.015090490280593,0.745904239380099,0.682163898804947,0.988075191486991,0.968682111838657,0.988329030448414,0.988075191486991,FALSE,FALSE,FALSE,TRUE,TRUE,TRUE,FALSE,FALSE,FALSE
"Unidentified_Family28",0.188777599574232,-0.412673916129359,-0.129791638168182,0.333055410151476,0.415004885494328,0.46089554608927,0.566805383789967,-0.994383272471136,-0.281607490611426,0.581293688611254,0.339665135441532,0.783041840945608,0.968682111838657,0.988329030448414,0.968634091766063,FALSE,FALSE,FALSE,TRUE,TRUE,TRUE,FALSE,FALSE,FALSE
"Unidentified_Family3",0.138323062969505,-0.0490833101046776,-0.363070173000695,0.199968935373882,0.229464252081283,0.280769022974214,0.691722755391394,-0.213903950874626,-1.29312760059731,0.492588188376713,0.831567288022642,0.202423704006007,0.968682111838657,0.988329030448414,0.968634091766063,FALSE,FALSE,FALSE,TRUE,TRUE,TRUE,FALSE,FALSE,FALSE
"Unidentified_Family4",0.0647754464415166,-0.0521412947231806,-0.140602170391803,0.291684568461219,0.353122725053238,0.381244059424297,0.222073614601003,-0.147657715077158,-0.368798324632577,0.825625227663415,0.883511409408744,0.714633692739965,0.968682111838657,0.988329030448414,0.968634091766063,FALSE,FALSE,FALSE,TRUE,TRUE,TRUE,FALSE,FALSE,FALSE
"Unidentified_Family5",0.239629786814734,-0.241795669096422,-0.374949667748582,0.2514959444859,0.314983405022907,0.371250606604593,0.952817697734955,-0.767645740190146,-1.00996378478091,0.348296916085207,0.448697828816976,0.320589608357357,0.968682111838657,0.988329030448414,0.968634091766063,FALSE,FALSE,FALSE,TRUE,TRUE,TRUE,FALSE,FALSE,FALSE
"Unidentified_Family6",0.116900176813091,0.0195801868264299,-0.4190148046295,0.322502949220344,0.387951633096418,0.427512852489142,0.362477853600096,0.0504706905604484,-0.980122123089018,0.720617441990466,0.960224287570005,0.338183280165271,0.968682111838657,0.990041962583325,0.968634091766063,FALSE,FALSE,FALSE,TRUE,TRUE,TRUE,FALSE,FALSE,FALSE
"Unidentified_Family8",-0.182373476100169,0.326459953440816,0.0692492737981773,0.314595009342617,0.391424400520749,0.441433941527981,-0.579708738804409,0.834030665963837,0.156873469127629,0.571322893243556,0.41826757328092,0.877584419244203,0.968682111838657,0.988329030448414,0.968634091766063,FALSE,FALSE,FALSE,TRUE,TRUE,TRUE,FALSE,FALSE,FALSE
"WCHB1-69",-0.0684634151832943,0.0127112165305643,0.169797310559986,0.267272771924069,0.300742905916499,0.307519920499585,-0.256155592245455,0.042266056091423,0.552150606322151,0.798972804446539,0.96646953490277,0.583518077957889,0.968682111838657,0.990041962583325,0.968634091766063,FALSE,FALSE,FALSE,TRUE,TRUE,TRUE,FALSE,FALSE,FALSE
"Weeksellaceae",-0.10339432888299,0.0969695904436463,0.132232557060061,0.211725016048747,0.262490231061784,0.295024557858215,-0.488342524716986,0.369421711624849,0.448208644121113,0.627973787159178,0.713761967610339,0.656421071049852,0.968682111838657,0.988329030448414,0.968634091766063,FALSE,FALSE,FALSE,TRUE,TRUE,TRUE,FALSE,FALSE,FALSE
"Xenobiaceae",-0.446916913045534,0.613031389826829,0.342843127868944,0.262002864899191,0.303545882458072,0.339518223639274,-1.70577109230271,2.01956746987502,1.0097930066729,0.09526524885318,0.0496885057456259,0.318243161694389,0.968682111838657,0.988329030448414,0.968634091766063,FALSE,FALSE,FALSE,TRUE,TRUE,TRUE,FALSE,FALSE,FALSE
