"taxon","diff_(Intercept)","diff_RFIClass2MidRFI","diff_RFIClass3HighRFI","diff_robust_(Intercept)","diff_robust_RFIClass2MidRFI","diff_robust_RFIClass3HighRFI"
"Absconditicoccaceae",FALSE,FALSE,FALSE,FALSE,FALSE,FALSE
"Acetobacteraceae",FALSE,FALSE,FALSE,FALSE,FALSE,FALSE
"Acidaminococcaceae",FALSE,FALSE,FALSE,FALSE,FALSE,FALSE
"Acutalibacteraceae",FALSE,FALSE,FALSE,FALSE,FALSE,FALSE
"Anaerolineaceae",FALSE,FALSE,FALSE,FALSE,FALSE,FALSE
"Anaeroplasmataceae",FALSE,FALSE,FALSE,FALSE,FALSE,FALSE
"Anaerovoracaceae",FALSE,FALSE,FALSE,FALSE,FALSE,FALSE
"Aristaeellaceae",FALSE,FALSE,FALSE,FALSE,FALSE,FALSE
"Atopobiaceae",FALSE,FALSE,FALSE,FALSE,FALSE,FALSE
"Bacillaceae_H_294103",FALSE,FALSE,FALSE,FALSE,FALSE,FALSE
"Bacteroidaceae",FALSE,FALSE,FALSE,FALSE,FALSE,FALSE
"BICA1-8",FALSE,FALSE,FALSE,FALSE,FALSE,FALSE
"Bifidobacteriaceae",FALSE,FALSE,FALSE,FALSE,FALSE,FALSE
"Bin106",FALSE,FALSE,FALSE,FALSE,FALSE,FALSE
"Borkfalkiaceae",FALSE,FALSE,FALSE,FALSE,FALSE,FALSE
"CAG-1252",FALSE,FALSE,FALSE,FALSE,FALSE,FALSE
"CAG-138",FALSE,FALSE,FALSE,FALSE,FALSE,FALSE
"CAG-239",FALSE,FALSE,FALSE,FALSE,FALSE,FALSE
"CAG-272",FALSE,FALSE,FALSE,FALSE,FALSE,FALSE
"CAG-274",FALSE,FALSE,FALSE,FALSE,FALSE,FALSE
"CAG-314",FALSE,FALSE,FALSE,FALSE,FALSE,FALSE
"CAG-382",FALSE,FALSE,FALSE,FALSE,FALSE,FALSE
"CAG-508",FALSE,FALSE,FALSE,FALSE,FALSE,FALSE
"CAG-826",FALSE,FALSE,FALSE,FALSE,FALSE,FALSE
"Campylobacteraceae",FALSE,FALSE,FALSE,FALSE,FALSE,FALSE
"Christensenellaceae",FALSE,FALSE,FALSE,FALSE,FALSE,FALSE
"Desulfobulbaceae",FALSE,FALSE,FALSE,FALSE,FALSE,FALSE
"Desulfovibrionaceae",FALSE,FALSE,FALSE,FALSE,FALSE,FALSE
"Dethiosulfovibrionaceae",FALSE,FALSE,FALSE,FALSE,FALSE,FALSE
"Elusimicrobiaceae",FALSE,FALSE,FALSE,FALSE,FALSE,FALSE
"Endomicrobiaceae",FALSE,FALSE,FALSE,FALSE,FALSE,FALSE
"Erysipelotrichaceae",FALSE,FALSE,FALSE,FALSE,FALSE,FALSE
"F082",FALSE,FALSE,FALSE,FALSE,FALSE,FALSE
"Fibrobacteraceae",FALSE,FALSE,FALSE,FALSE,FALSE,FALSE
"Flavobacteriaceae",FALSE,FALSE,FALSE,FALSE,FALSE,FALSE
"Gastranaerophilaceae",FALSE,FALSE,FALSE,FALSE,FALSE,FALSE
"Lachnospiraceae",FALSE,FALSE,FALSE,FALSE,FALSE,FALSE
"Lactobacillaceae",FALSE,FALSE,FALSE,FALSE,FALSE,FALSE
"Methanobacteriaceae",FALSE,FALSE,FALSE,FALSE,FALSE,FALSE
"Mitochondria",FALSE,FALSE,FALSE,FALSE,FALSE,FALSE
"ML635J-15",FALSE,FALSE,FALSE,FALSE,FALSE,FALSE
"Muribaculaceae",FALSE,FALSE,FALSE,FALSE,FALSE,FALSE
"Mycoplasmoidaceae",FALSE,FALSE,FALSE,FALSE,FALSE,FALSE
"Nanosyncoccaceae",FALSE,FALSE,FALSE,FALSE,FALSE,FALSE
"Oscillospiraceae_88309",FALSE,FALSE,FALSE,FALSE,FALSE,FALSE
"P3",FALSE,FALSE,FALSE,FALSE,FALSE,FALSE
"Paludibacteraceae",FALSE,FALSE,FALSE,FALSE,FALSE,FALSE
"Ruminococcaceae",FALSE,FALSE,FALSE,FALSE,FALSE,FALSE
"Saccharofermentanaceae",FALSE,FALSE,FALSE,FALSE,FALSE,FALSE
"Selenomonadaceae_42771",FALSE,FALSE,FALSE,FALSE,FALSE,FALSE
"Sphaerochaetaceae",FALSE,FALSE,FALSE,FALSE,FALSE,FALSE
"Sphingobacteriaceae",FALSE,FALSE,FALSE,FALSE,FALSE,FALSE
"Succinivibrionaceae",FALSE,FALSE,FALSE,FALSE,FALSE,FALSE
"Thermoactinomycetaceae_367745",FALSE,FALSE,FALSE,FALSE,FALSE,FALSE
"Thermoguttaceae",FALSE,FALSE,FALSE,FALSE,FALSE,FALSE
"Treponemataceae",FALSE,FALSE,FALSE,FALSE,FALSE,FALSE
"UBA1067",FALSE,FALSE,FALSE,FALSE,FALSE,FALSE
"UBA1242",FALSE,FALSE,FALSE,FALSE,FALSE,FALSE
"UBA1381",FALSE,FALSE,FALSE,FALSE,FALSE,FALSE
"UBA1829",FALSE,FALSE,FALSE,FALSE,FALSE,FALSE
"UBA3636",FALSE,FALSE,FALSE,FALSE,FALSE,FALSE
"UBA3830",FALSE,FALSE,FALSE,FALSE,FALSE,FALSE
"UBA660",FALSE,FALSE,FALSE,FALSE,FALSE,FALSE
"UBA929",FALSE,FALSE,FALSE,FALSE,FALSE,FALSE
"UBA932",FALSE,FALSE,FALSE,FALSE,FALSE,FALSE
"Unidentified_Family1",FALSE,FALSE,FALSE,FALSE,FALSE,FALSE
"Unidentified_Family14",FALSE,FALSE,FALSE,FALSE,FALSE,FALSE
"Unidentified_Family15",FALSE,FALSE,FALSE,FALSE,FALSE,FALSE
"Unidentified_Family16",FALSE,FALSE,FALSE,FALSE,FALSE,FALSE
"Unidentified_Family17",FALSE,FALSE,FALSE,FALSE,FALSE,FALSE
"Unidentified_Family18",FALSE,FALSE,FALSE,FALSE,FALSE,FALSE
"Unidentified_Family19",FALSE,FALSE,FALSE,FALSE,FALSE,FALSE
"Unidentified_Family2",FALSE,FALSE,FALSE,FALSE,FALSE,FALSE
"Unidentified_Family23",FALSE,FALSE,FALSE,FALSE,FALSE,FALSE
"Unidentified_Family24",FALSE,FALSE,FALSE,FALSE,FALSE,FALSE
"Unidentified_Family28",FALSE,FALSE,FALSE,FALSE,FALSE,FALSE
"Unidentified_Family3",FALSE,FALSE,FALSE,FALSE,FALSE,FALSE
"Unidentified_Family4",FALSE,FALSE,FALSE,FALSE,FALSE,FALSE
"Unidentified_Family5",FALSE,FALSE,FALSE,FALSE,FALSE,FALSE
"Unidentified_Family6",FALSE,FALSE,FALSE,FALSE,FALSE,FALSE
"Unidentified_Family8",FALSE,FALSE,FALSE,FALSE,FALSE,FALSE
"WCHB1-69",FALSE,FALSE,FALSE,FALSE,FALSE,FALSE
"Weeksellaceae",FALSE,FALSE,FALSE,FALSE,FALSE,FALSE
"Xenobiaceae",FALSE,FALSE,FALSE,FALSE,FALSE,FALSE
