Family,Sample_134,Sample_135,Sample_136,Sample_137,Sample_138,Sample_139,Sample_140,Sample_141,Sample_142,Sample_143,Sample_144,Sample_147,Sample_148,Sample_149,Sample_150,Sample_151,Sample_152,Sample_153,Sample_154,Sample_155,Sample_158,Sample_159,Sample_160,Sample_161,Sample_162,Sample_163,Sample_164,Sample_165,Sample_166,Sample_167,Sample_168,Sample_169,Sample_170,Sample_171,Sample_172,Sample_173,Sample_174,Sample_175,Sample_176,Sample_177,Sample_178,Sample_179,Sample_180,Sample_181,Sample_182,Sample_183,Sample_184,Sample_185,Sample_186
Absconditicoccaceae,352,130,253,199,242,91,74,138,194,294,58,108,180,53,408,104,134,219,267,217,475,157,169,64,190,339,98,163,168,323,336,83,227,193,258,330,255,190,64,74,67,111,117,185,62,37,61,148,269
Acetobacteraceae,11,5,4,12,0,10,16,35,8,16,8,0,4,0,8,0,5,5,0,6,0,6,0,4,7,23,0,4,24,0,0,0,4,16,6,0,0,21,18,5,7,0,18,11,18,16,4,4,0
Acholeplasmataceae,0,0,0,0,0,0,0,0,0,0,0,0,5,0,0,0,0,0,0,0,0,0,0,0,0,0,0,0,0,0,0,0,0,0,0,0,0,0,0,0,0,0,0,0,0,0,0,0,0
Acidaminococcaceae,1618,1817,1423,870,1052,1366,1150,1148,1209,1895,1354,1538,957,1240,1064,1435,848,706,1112,961,1109,2348,1674,2454,2216,2164,1758,1144,1521,2174,915,1480,1578,3019,1395,916,1313,1655,2204,1665,1904,1977,1918,839,1353,1385,1281,1057,2286
Acutalibacteraceae,2005,1450,969,1875,1343,1582,1950,1186,1994,708,1286,824,1894,1273,679,1227,1214,986,1453,1449,1360,1616,1493,1497,2008,1645,1566,1231,1394,980,1378,810,1734,1447,1116,746,1012,1977,1642,775,1160,788,1354,1904,1472,2446,1434,1018,1825
Aminobacteriaceae,0,0,0,0,0,0,0,0,4,0,0,0,0,0,0,0,0,0,0,0,0,7,0,0,0,0,0,0,0,0,0,0,0,4,0,0,0,0,0,0,0,0,0,0,0,0,0,0,0
Amoebophilaceae,0,0,0,0,0,0,0,0,0,0,4,2,0,0,0,0,2,0,0,0,0,4,0,0,0,0,0,0,2,0,0,0,0,0,7,0,0,0,0,0,0,0,0,0,0,0,0,0,0
Anaerofustaceae,3,0,0,2,3,0,3,0,4,0,0,0,0,0,0,0,0,0,0,0,0,0,4,2,0,0,0,0,0,4,0,0,0,4,0,0,0,0,0,0,0,0,0,0,0,0,3,0,3
Anaerolineaceae,37,28,0,32,28,34,32,36,42,4,35,32,16,39,29,36,14,33,0,33,49,54,0,33,38,67,64,81,28,42,19,41,41,32,10,30,0,34,39,43,49,0,34,63,48,23,39,19,104
Anaeroplasmataceae,81,79,112,80,94,171,74,67,94,94,202,167,40,21,114,116,16,101,166,98,64,232,110,33,91,141,71,205,33,187,60,101,233,167,35,340,53,132,81,108,140,139,256,344,108,55,97,43,135
Anaerotignaceae,0,5,0,0,0,0,0,0,0,6,0,0,5,0,0,7,0,0,0,0,0,12,0,0,7,7,0,0,4,0,3,0,7,12,0,0,0,5,0,0,0,0,0,0,0,0,0,0,9
Anaerovoracaceae,262,155,144,82,122,147,117,72,209,94,130,129,125,96,110,146,74,74,80,105,122,137,138,175,175,190,201,123,113,245,74,97,83,143,111,127,63,135,135,102,84,149,105,170,129,117,137,82,167
Aristaeellaceae,887,661,645,601,561,886,710,713,900,817,722,562,710,397,406,637,558,424,454,414,532,785,650,858,869,1264,1033,548,539,767,449,441,568,512,592,248,538,534,903,600,729,491,681,273,634,687,700,364,805
Atopobiaceae,0,4,8,41,19,59,43,17,0,19,47,23,20,8,0,0,0,0,0,4,0,0,0,0,0,0,0,0,0,0,0,0,0,0,0,0,0,0,0,0,0,0,0,0,0,6,0,0,0
Bacillaceae_C_302571,0,0,0,0,0,0,2,4,0,0,0,0,0,3,0,0,0,0,0,0,0,0,0,0,0,0,0,0,0,0,0,0,0,0,0,0,0,0,0,0,0,0,0,0,0,0,0,0,0
Bacillaceae_C_302575,0,0,0,0,0,0,0,0,0,0,0,0,0,0,0,0,0,0,0,9,0,0,0,0,0,0,0,0,0,0,0,0,0,0,0,0,0,0,0,0,0,0,0,0,0,0,0,0,0
Bacillaceae_D_361233,0,0,0,0,0,0,0,0,0,0,0,0,0,0,0,0,0,0,0,0,0,0,0,0,0,0,5,0,0,0,0,0,0,0,0,0,0,0,0,0,0,0,0,0,0,0,0,0,0
Bacillaceae_H_294103,26,15,14,16,13,16,11,9,14,0,20,9,15,13,11,10,13,8,0,0,8,0,11,14,15,18,0,12,0,16,7,20,11,19,19,0,12,23,27,12,14,14,13,17,14,10,4,0,24
Bacteroidaceae,5725,10770,9453,9388,10455,11846,9311,9273,7456,11306,9498,10331,11778,8172,10892,9973,10958,7035,10964,9651,8134,10057,8428,8382,10902,15241,10108,6853,9703,10164,10721,7146,10451,14460,12682,9308,8559,12397,7619,7557,10994,9924,9963,5200,7449,10460,9704,10721,9471
BICA1-8,7,0,0,0,0,0,0,0,0,0,0,0,0,0,0,6,0,0,0,6,1,4,0,0,0,7,3,0,0,5,4,0,0,4,0,4,0,0,0,0,1,0,4,6,0,0,0,2,11
Bifidobacteriaceae,5,65,0,92,48,349,336,56,42,78,165,113,78,52,58,81,30,28,15,44,63,25,239,20,37,6,18,3,89,13,20,56,37,0,0,0,88,0,0,8,4,0,0,0,52,94,0,0,0
Bin106,6,0,0,0,0,0,0,16,4,5,0,0,0,5,0,0,0,0,0,0,0,5,0,0,5,0,0,7,0,5,3,7,7,8,8,4,3,6,3,0,0,0,10,5,0,5,0,0,3
Borkfalkiaceae,15,27,8,0,6,21,5,31,140,18,11,25,4,8,17,11,10,14,8,13,20,7,6,5,24,4,0,35,0,27,6,77,10,21,11,203,4,8,23,3,2,19,27,212,29,7,6,7,14
Brevibacillaceae,0,0,0,0,0,0,0,0,3,1,0,0,0,0,0,0,0,0,0,0,0,0,0,0,0,0,0,0,0,0,0,0,0,0,0,0,0,0,0,0,0,0,0,0,0,0,0,0,0
Brevibacteriaceae,0,0,0,0,0,0,0,0,0,0,0,0,0,0,0,0,0,0,0,0,0,0,0,0,0,5,0,0,0,0,0,0,0,0,0,0,0,0,0,0,0,0,0,0,0,0,0,0,0
Burkholderiaceae_A_593909,0,0,0,0,0,0,0,0,0,0,0,0,0,0,0,0,0,0,0,0,0,0,0,0,0,0,0,0,0,0,0,0,0,0,0,0,0,0,0,0,3,0,0,0,0,0,0,0,0
Burkholderiaceae_A_595401,0,0,0,0,0,0,0,0,0,0,0,0,0,0,0,0,0,0,0,0,0,0,0,0,0,0,0,0,0,0,0,0,0,0,0,0,0,0,0,0,0,0,0,2,0,0,0,0,0
Burkholderiaceae_A_595421,0,0,6,0,0,0,2,0,0,0,0,0,8,0,0,3,0,0,0,0,0,11,0,0,7,2,0,0,2,8,0,0,0,0,0,0,0,0,13,0,0,0,4,0,5,0,2,0,11
Burkholderiaceae_A_595427,0,0,0,2,4,0,0,0,0,0,5,4,0,3,6,4,2,0,6,0,0,0,0,0,0,0,4,0,0,0,0,3,0,0,0,0,0,0,0,0,0,0,0,0,8,6,0,0,0
Butyricicoccaceae,0,0,0,0,0,0,0,0,0,0,0,0,0,0,0,0,0,0,0,0,0,0,0,0,0,0,0,0,2,0,0,0,0,0,0,0,0,0,0,0,0,0,0,0,0,0,0,0,0
CACZYB01,0,0,0,0,0,0,0,0,0,0,0,0,0,0,0,0,0,0,0,7,0,0,0,0,0,0,0,0,0,0,0,0,4,0,0,4,0,0,0,0,0,0,0,0,0,0,0,0,0
CAG-1252,8,13,90,0,38,0,4,0,27,0,0,22,13,18,161,27,0,0,6,47,3,10,4,0,5,4,3,0,7,82,119,65,69,31,23,8,0,0,0,5,0,27,0,32,0,11,0,13,0
CAG-138,105,57,92,124,48,66,21,27,118,114,34,82,75,111,71,92,49,50,129,87,68,84,48,79,108,138,135,48,51,167,88,47,118,86,50,92,61,138,90,71,65,74,67,72,40,52,106,38,147
CAG-239,22,23,9,45,30,0,9,4,0,38,10,4,2,14,73,0,0,25,6,54,37,13,15,0,21,24,5,16,19,17,50,0,32,40,25,30,83,28,0,0,5,22,18,8,3,25,6,59,15
CAG-272,63,46,117,42,59,63,57,31,77,42,74,101,99,217,41,62,39,13,55,15,32,80,55,66,92,84,79,144,30,114,73,78,110,87,85,30,13,30,79,54,52,110,33,94,48,58,48,51,73
CAG-274,0,19,5,6,0,14,4,29,8,19,7,15,0,6,0,14,23,0,19,9,5,0,0,15,0,6,15,0,11,53,20,0,11,4,27,19,12,16,10,0,12,0,7,9,8,7,7,5,13
CAG-288,0,0,3,0,0,9,0,0,0,0,0,0,0,0,0,0,0,0,0,4,0,0,0,0,0,0,0,0,0,0,0,0,0,2,0,0,0,0,0,0,0,0,0,0,0,3,0,0,0
CAG-312,0,0,0,0,0,0,0,0,0,0,0,0,0,0,0,0,0,0,0,0,0,0,0,0,0,0,0,0,0,0,2,0,0,0,0,0,0,0,0,0,0,0,0,0,0,0,0,0,0
CAG-313,0,0,0,0,0,0,3,0,3,0,0,0,0,4,4,0,0,0,0,4,0,10,0,0,0,0,0,0,0,13,7,8,0,0,3,0,0,0,0,0,0,9,0,4,4,0,0,0,3
CAG-314,0,10,6,0,9,7,0,0,3,0,21,22,0,0,0,0,0,0,7,5,3,9,2,0,4,0,0,0,0,0,0,21,15,0,6,23,0,0,0,0,0,16,3,5,0,0,3,8,7
CAG-382,0,9,0,4,0,4,0,3,0,0,16,0,6,7,0,5,0,0,8,5,4,5,0,0,15,3,0,3,0,24,10,0,7,0,14,15,0,0,8,11,0,4,6,7,0,0,7,0,8
CAG-508,960,557,574,569,388,572,622,640,321,583,558,501,449,552,573,640,497,359,390,539,434,572,591,313,795,988,828,766,627,763,340,359,435,514,564,488,1006,629,526,384,540,671,572,961,349,444,603,359,1214
CAG-698,0,0,0,0,0,3,0,0,2,0,4,0,0,0,5,0,0,0,0,0,3,3,0,0,4,2,0,0,0,2,0,0,0,0,0,0,0,0,3,0,0,0,0,0,0,0,3,0,0
CAG-826,173,189,201,46,63,132,113,75,343,199,131,243,125,227,251,233,87,46,131,141,75,147,123,36,122,104,50,153,65,201,166,196,139,154,180,158,35,282,59,75,49,162,123,293,138,138,34,175,73
CAG-917,0,0,8,0,0,0,0,0,0,0,0,10,0,0,0,0,0,0,0,0,0,0,0,0,0,0,0,0,0,4,4,5,0,0,0,7,0,0,0,0,0,4,0,0,0,0,2,0,0
CAG-977,0,0,0,0,0,0,0,0,0,0,0,0,7,0,0,0,0,0,0,0,0,0,0,0,0,0,0,0,0,0,0,0,0,0,0,0,0,0,0,0,0,0,0,0,0,0,0,0,0
Caldibacillaceae,11,0,0,0,0,0,10,14,10,8,0,0,0,13,8,0,0,0,0,6,0,5,16,0,8,11,0,11,14,0,0,0,0,0,11,0,0,15,0,0,0,8,6,0,0,8,8,0,0
Campylobacteraceae,4,7,11,4,3,6,9,7,6,5,8,0,0,0,0,3,2,7,5,6,6,14,0,8,10,3,8,3,7,4,0,4,4,6,0,8,4,0,5,5,4,3,0,0,0,9,7,0,0
Cardiobacteriaceae,0,0,0,0,3,0,0,0,9,0,0,0,0,0,0,0,0,0,0,0,0,12,0,0,4,0,7,0,0,0,4,0,0,0,0,0,5,0,17,0,0,0,0,4,5,3,0,0,0
CG1-02-43-26,0,0,0,8,0,3,2,0,0,0,0,0,0,0,0,0,0,0,0,0,0,0,0,5,0,0,0,0,0,0,0,0,0,0,0,0,0,0,0,0,4,0,0,0,0,0,7,0,0
Christensenellaceae,17,17,26,32,16,20,15,10,22,6,27,6,23,14,20,21,10,12,13,23,31,26,15,24,20,25,36,25,9,30,16,10,13,17,12,11,11,16,9,14,20,22,13,25,7,5,34,8,48
Clostridiaceae_222000,0,0,0,11,0,0,0,8,0,0,0,0,5,0,0,0,0,0,0,0,0,6,0,0,19,0,11,0,0,0,0,0,0,7,0,0,0,0,0,0,0,0,0,13,0,0,0,0,0
Coprobacillaceae,0,0,0,0,0,291,29,0,0,0,5,0,0,0,0,0,0,7,13,0,0,0,160,0,0,0,0,0,29,0,0,0,0,0,0,6,56,0,0,0,0,0,0,0,0,0,0,0,0
Cyclobacteriaceae,0,0,0,0,5,0,4,4,12,0,10,0,0,4,0,0,0,0,11,0,0,2,0,0,0,0,0,3,0,0,23,0,0,0,0,0,0,0,0,0,0,0,3,5,0,0,0,0,5
Defluviitaleaceae,0,0,6,0,0,0,0,0,0,0,0,0,0,0,0,0,0,0,0,0,0,0,0,0,0,0,0,0,0,0,0,0,0,0,0,0,0,0,0,0,0,0,0,0,0,0,0,0,5
Dehalobacteriaceae,0,0,0,0,0,0,0,0,0,0,1,0,5,0,0,0,0,0,0,0,4,0,0,0,0,0,0,0,0,0,0,0,0,0,0,0,0,0,0,0,3,0,4,0,0,4,0,0,0
Desulfobulbaceae,0,0,6,0,0,0,4,9,0,5,0,5,7,3,0,4,5,0,2,6,4,8,6,0,7,7,8,0,0,0,0,0,5,0,0,0,5,7,0,5,0,0,0,3,0,0,0,0,0
Desulfovibrionaceae,35,36,42,43,27,50,50,33,46,39,29,28,36,33,10,44,38,18,26,42,23,70,61,43,76,56,76,23,33,41,15,34,47,47,38,9,28,19,43,34,35,15,20,0,47,41,38,28,44
Dethiosulfovibrionaceae,9,10,24,47,44,19,8,26,15,21,6,8,23,10,28,16,31,45,42,67,39,34,14,4,44,25,40,0,17,17,39,7,18,6,42,0,38,0,7,7,4,0,0,0,13,22,13,33,2
Devosiaceae,2,0,0,0,0,0,0,0,0,0,0,0,0,0,0,0,0,0,0,0,0,0,0,0,0,0,0,0,0,0,0,0,0,0,0,0,0,0,0,0,0,0,0,0,0,0,0,0,0
DSM-16500,0,0,0,0,0,2,0,0,0,0,0,0,0,0,0,0,0,0,0,0,0,0,0,0,0,0,0,0,0,0,0,0,0,0,0,0,0,0,0,0,0,0,0,0,0,0,0,0,0
DSM-19205,0,0,0,0,0,0,0,0,0,0,0,0,0,0,0,0,0,0,0,0,0,0,0,0,0,0,0,0,0,0,0,0,0,0,0,0,0,0,0,0,2,0,0,0,0,0,0,0,0
Eggerthellaceae,0,0,0,0,0,0,0,0,0,0,0,0,0,0,0,0,0,0,0,0,3,0,0,0,0,0,0,0,0,3,0,0,0,0,0,0,0,0,0,0,0,0,0,0,0,3,0,0,0
Elusimicrobiaceae,17,3,21,22,14,10,0,5,6,29,0,0,25,18,71,16,20,20,11,34,12,13,7,12,0,13,0,13,11,28,35,14,8,8,69,20,0,13,0,13,11,0,12,15,0,7,8,51,14
Endomicrobiaceae,9,0,11,0,9,0,5,8,10,0,0,0,0,0,10,12,0,0,5,0,7,13,3,3,0,7,0,7,8,5,23,15,0,0,0,13,0,5,0,0,0,5,5,14,25,0,0,7,0
Enterobacteriaceae_A_725029,0,0,0,0,0,0,0,11,0,0,0,0,0,0,0,0,0,0,0,0,0,0,0,0,0,19,0,0,6,0,0,0,0,0,0,0,0,3,0,0,0,0,0,0,0,0,0,0,2
Erysipelotrichaceae,153,110,106,88,62,88,77,88,88,61,116,76,43,79,51,60,35,35,48,69,77,70,65,72,84,85,92,70,75,88,29,50,56,57,62,77,75,76,106,58,66,80,91,118,86,67,80,27,93
Eubacteriaceae,0,0,0,0,0,0,0,0,0,0,0,0,0,0,0,0,0,0,0,0,0,0,0,0,0,0,0,0,0,0,0,0,0,0,0,0,0,0,2,0,0,0,0,0,0,0,0,0,0
F082,0,15,117,0,13,6,73,7,33,30,44,65,132,54,15,0,18,0,3,41,9,12,0,30,4,0,6,13,26,13,54,15,0,0,0,0,5,0,7,31,0,0,0,0,20,14,0,0,0
Fibrobacteraceae,134,296,308,161,213,230,221,215,274,295,259,373,296,327,262,282,113,202,262,265,268,189,225,263,394,232,472,134,185,644,263,364,303,101,220,87,302,81,231,225,152,142,112,22,116,196,182,185,119
Flavobacteriaceae,10,0,10,13,0,11,7,3,4,4,8,0,9,0,0,8,0,3,34,0,0,12,0,0,14,0,10,4,0,25,6,6,7,4,58,3,8,12,8,0,0,0,3,17,11,3,5,0,0
Fusobacteriaceae,0,0,0,0,0,0,0,0,4,0,0,0,0,0,0,0,0,0,0,0,0,0,0,0,9,0,3,0,0,0,5,0,0,3,3,0,0,0,0,0,0,0,2,0,0,8,0,0,0
Gastranaerophilaceae,31,69,63,93,407,0,20,275,12,247,48,39,41,79,524,33,184,402,336,422,399,37,106,37,139,132,178,36,60,147,205,0,83,15,376,108,692,123,10,64,48,70,7,16,10,78,132,478,19
Halomonadaceae_639861,0,0,0,0,0,0,0,0,0,0,5,0,0,0,0,0,0,0,0,0,0,0,0,0,0,12,0,0,0,0,0,0,0,0,0,0,0,0,0,0,0,0,0,0,0,0,0,0,0
Izemoplasmataceae,0,0,0,0,0,0,0,0,0,0,0,0,0,0,0,0,0,0,0,0,0,0,0,0,0,0,0,5,0,0,0,0,0,0,0,0,0,0,0,0,0,0,0,0,3,0,0,0,0
JAAYDE01,0,0,0,0,0,0,0,0,5,0,0,0,0,0,0,0,0,0,0,0,0,0,0,0,0,0,0,0,0,0,0,0,0,0,0,0,0,0,0,0,0,0,0,0,0,0,0,0,0
Lachnospiraceae,4009,2718,2678,2535,2164,3373,3110,2449,2953,3141,2499,2395,2533,2081,2213,2306,2548,1887,2012,2342,2045,3100,2994,3187,3675,4585,2995,2365,3002,2827,1736,2003,2854,2606,2595,2137,2674,3139,3883,1955,2533,2807,2668,2848,2648,2852,2690,1847,3063
Lactobacillaceae,5,0,3,4,0,3,0,20,0,5,0,0,0,0,0,0,0,0,0,0,0,2,0,0,3,18,0,0,0,0,0,0,0,0,0,0,0,0,12,0,8,0,0,13,5,2,0,0,0
Lenti-01,0,0,0,0,0,0,0,0,14,0,0,3,0,0,0,5,0,0,0,0,0,0,0,0,0,0,0,0,0,2,0,0,0,2,0,0,0,0,0,0,0,0,0,0,0,0,0,0,0
Leptotrichiaceae,0,0,0,3,0,0,0,0,0,0,0,0,0,0,0,2,0,0,0,0,23,584,0,0,0,0,5,0,0,0,3,0,0,0,0,0,0,0,0,0,0,0,0,0,0,37,0,0,0
Maliibacteriaceae,0,5,0,3,0,7,6,0,0,13,3,0,0,3,6,5,5,0,0,0,5,5,0,4,6,4,5,3,0,9,3,4,2,0,4,0,4,0,5,0,0,0,0,0,4,0,5,4,0
Marinifilaceae,10,0,0,0,5,0,0,0,4,0,0,0,11,0,0,0,0,0,0,0,0,5,2,6,0,4,0,0,0,4,0,0,5,0,0,0,0,0,0,0,7,0,0,6,3,0,5,0,0
Marinilabiliaceae,0,0,0,0,0,4,0,6,2,0,0,4,3,0,0,0,0,0,0,0,2,4,0,0,0,3,0,2,8,0,0,0,0,3,0,0,0,0,0,0,4,0,5,0,0,0,0,0,0
Methanobacteriaceae,1159,361,241,172,191,300,296,333,686,419,246,190,245,517,263,297,173,133,137,183,319,260,289,236,199,366,350,641,392,410,202,238,178,250,257,417,219,274,220,222,328,228,300,720,357,340,254,210,292
Methanomethylophilaceae,0,0,0,0,0,0,0,0,0,0,4,0,0,0,0,0,0,0,0,0,0,0,0,0,0,0,0,0,0,0,3,0,0,2,0,0,3,0,0,0,0,0,0,3,0,0,4,0,0
Microbacteriaceae,0,0,0,0,0,0,0,0,0,0,0,0,0,0,0,0,0,0,0,0,0,0,0,0,8,0,0,0,0,0,0,0,0,0,0,0,0,0,0,0,0,0,0,0,0,0,0,0,0
Micrococcaceae,0,0,0,0,0,0,0,6,0,0,0,0,0,0,0,0,0,0,0,0,0,0,0,0,0,0,0,0,0,0,0,0,0,0,0,0,0,0,0,0,0,0,0,0,0,0,0,0,0
Mitochondria,32,41,8,7,18,31,62,12,52,0,12,11,12,49,44,9,14,19,25,0,11,9,18,20,23,15,26,11,15,21,0,35,19,19,110,50,24,12,13,6,14,34,29,69,11,0,15,0,18
ML635J-15,7,0,19,15,5,9,0,0,10,6,6,6,11,8,0,5,3,0,11,0,6,8,0,4,6,4,18,0,0,14,13,4,20,4,18,14,0,0,0,11,0,6,5,14,0,5,14,0,28
Moraxellaceae,0,0,0,0,38,0,5,0,0,5,0,2,0,0,0,0,16,0,0,0,13,0,0,0,0,0,0,2,0,10,0,0,0,4,0,0,0,0,0,0,0,0,0,0,0,0,0,0,0
Muribaculaceae,11,31,271,286,278,449,488,198,20,509,445,340,327,144,21,323,287,29,108,56,95,27,76,35,2,20,11,0,116,29,58,17,6,31,33,0,14,3,0,0,4,29,0,0,138,229,5,15,0
Mycobacteriaceae,0,0,3,0,0,0,0,0,0,14,6,3,4,0,0,0,0,0,0,0,0,0,0,0,15,0,18,0,0,0,0,0,0,0,3,0,0,0,4,0,0,0,0,0,0,0,8,0,0
Mycoplasmoidaceae,230,30,52,61,37,64,73,8,73,18,53,41,7,29,59,24,16,37,8,18,20,69,18,9,27,5,20,53,52,25,18,74,29,51,66,39,16,66,15,19,30,20,41,125,35,20,13,4,38
Myxococcaceae,0,0,0,0,0,0,0,0,0,0,0,0,0,0,0,0,0,0,0,0,0,0,0,0,0,0,0,0,0,0,3,0,0,0,0,0,0,0,0,0,0,0,0,0,0,0,0,0,0
Nanosyncoccaceae,351,377,299,168,219,249,320,392,202,358,162,285,121,296,388,242,264,81,102,152,255,182,389,120,261,691,593,466,325,365,127,248,178,245,174,424,287,347,283,287,256,411,292,589,242,222,231,72,505
Neisseriaceae,0,0,0,0,6,0,0,0,0,0,0,0,2,0,5,0,0,5,0,0,5,0,0,0,5,0,0,2,0,0,5,0,0,0,6,0,0,3,0,0,0,0,0,0,0,0,4,0,0
Opitutaceae,0,0,0,0,0,0,0,0,0,0,0,0,0,0,0,0,0,0,0,0,0,0,0,0,0,0,0,0,0,0,0,2,0,0,0,0,0,0,0,0,0,0,0,0,0,0,0,0,0
Oscillospiraceae_88309,1260,678,656,713,510,647,592,451,806,490,870,665,855,506,347,724,512,273,391,519,504,755,530,740,908,1010,919,646,571,908,603,583,801,964,592,528,445,816,829,459,566,665,729,1161,685,734,769,501,1324
Ozemobacteraceae,0,0,0,11,8,0,0,0,0,0,6,0,10,11,8,5,0,3,4,7,16,3,0,0,2,0,0,0,5,4,7,0,5,5,5,5,0,18,0,0,0,0,0,0,0,0,0,0,6
P3,226,422,425,245,272,337,424,236,236,546,522,966,368,414,548,427,577,150,229,207,226,247,407,193,176,251,395,81,397,684,227,542,170,268,224,68,221,100,158,302,146,80,181,14,273,595,114,170,77
Paenibacillaceae_367444,0,0,0,0,2,0,0,3,0,0,0,0,2,0,0,0,0,0,0,0,0,0,0,0,0,0,0,5,0,0,0,0,0,0,0,0,0,0,0,0,0,0,0,0,0,2,0,0,0
Paludibacteraceae,2077,3856,3819,2509,3910,2823,1839,1753,3280,1775,3840,4255,2269,3128,2273,2877,2070,1780,2570,4323,3243,5678,3632,2443,4041,1921,3463,4003,2017,4030,2414,2736,5557,4157,3507,4131,2332,1529,2632,3434,2393,3975,3324,3717,3408,3436,4173,1985,5927
Pasteurellaceae,0,0,0,0,20,0,15,4,11,0,0,0,0,0,12,5,12,0,0,0,31,27,0,3,37,0,25,0,0,0,6,0,0,0,3,0,0,0,7,0,0,0,0,3,2,33,4,0,0
Peptostreptococcaceae_256921,0,0,5,0,0,0,0,0,0,0,0,0,0,0,0,0,0,0,0,0,0,0,0,0,0,0,0,3,0,0,0,0,0,0,0,0,0,0,0,0,4,0,0,0,0,0,0,0,0
Planctomycetaceae,0,0,0,0,0,0,0,0,0,0,0,0,3,0,0,0,0,0,0,0,0,0,0,0,0,0,0,0,0,0,0,0,0,0,0,0,0,0,0,0,0,0,0,0,0,0,0,0,0
Planococcaceae,0,0,0,0,0,4,0,0,0,7,0,0,0,0,0,0,0,0,0,0,0,0,0,0,0,0,0,0,0,0,4,0,0,0,0,0,0,0,0,0,0,3,0,0,0,0,0,0,0
Porphyromonadaceae,4,0,0,0,0,0,0,0,0,0,0,0,0,0,0,0,5,0,0,0,0,0,0,0,7,0,0,0,3,0,0,0,0,0,0,0,0,2,0,0,0,4,0,0,0,4,0,0,0
Pseudonocardiaceae,0,0,0,0,0,3,0,0,3,0,0,0,8,0,0,0,0,0,0,4,0,0,6,0,0,0,0,0,4,0,0,0,0,0,0,0,0,0,0,0,0,0,0,0,0,3,0,0,0
Pumilibacteraceae,0,8,12,0,5,0,5,0,0,0,0,3,8,11,0,7,0,0,0,0,0,0,0,8,8,22,0,8,0,7,0,0,0,0,8,0,0,8,0,0,4,0,0,16,17,0,0,0,0
QAKW01,0,0,0,0,0,0,0,0,0,0,0,0,5,0,0,0,0,0,0,0,0,0,0,0,0,0,0,0,0,0,0,0,0,6,0,0,0,0,0,0,0,0,0,0,0,0,0,0,0
QAMH01,0,0,3,0,0,0,0,0,0,0,0,0,0,0,0,0,0,0,0,0,0,0,0,0,0,0,0,0,0,0,0,0,0,0,0,0,0,0,3,0,0,0,0,0,0,0,0,0,0
RFPC01,0,0,0,0,0,0,6,9,6,3,0,0,5,0,4,0,0,0,0,6,0,0,0,0,0,8,0,0,4,0,0,0,3,0,0,5,0,0,0,0,0,5,0,4,0,0,0,0,0
Rhizobiaceae,0,0,0,0,0,0,0,0,0,0,0,0,0,0,0,0,0,0,0,0,0,0,0,0,0,0,0,0,0,0,0,0,0,0,0,0,0,0,0,0,0,0,0,0,0,0,2,0,0
Rhodocyclaceae,0,5,0,1,0,0,6,8,8,3,0,0,0,0,0,0,0,0,0,0,0,1,0,0,0,7,0,0,0,0,0,0,0,0,0,0,0,0,2,0,0,9,0,0,0,0,2,0,0
Rikenellaceae,0,0,0,0,0,0,0,0,0,0,0,5,0,0,0,0,0,0,0,0,0,0,0,0,0,0,0,0,0,0,0,0,0,0,0,0,0,0,0,0,0,0,0,0,0,0,0,0,0
Rs-D84,0,0,0,0,5,0,0,2,0,0,0,0,0,0,4,0,0,0,0,0,0,2,0,3,0,0,0,0,0,0,0,0,0,0,4,0,0,0,0,3,0,0,0,0,0,0,0,0,0
RUG11792,2,0,0,0,4,8,0,0,0,6,0,0,12,0,0,8,0,14,11,0,4,0,8,23,0,0,0,5,0,7,0,3,0,8,7,18,0,0,0,2,0,0,6,0,0,0,0,0,5
Ruminococcaceae,329,352,449,265,237,330,404,382,427,642,241,366,276,276,573,240,230,195,171,280,198,261,401,314,458,364,410,141,266,452,188,228,266,335,453,368,408,251,409,257,392,373,330,326,145,179,412,317,418
Saccharimonadaceae,0,0,0,0,0,0,0,0,9,0,0,4,6,0,0,0,0,0,0,0,9,0,0,0,0,0,0,0,0,0,23,0,0,0,0,0,0,0,3,0,0,0,0,0,0,0,0,0,11
Saccharofermentanaceae,179,163,151,99,116,134,84,127,137,172,85,105,125,106,220,102,69,90,57,103,63,126,127,134,130,178,192,126,74,215,68,83,102,143,119,125,122,131,156,87,134,78,171,126,113,133,107,110,199
Salinicoccaceae,0,0,0,0,0,0,0,0,0,0,0,0,0,0,0,0,0,0,0,0,0,0,0,0,1,0,0,0,0,0,0,0,0,0,0,0,0,0,0,0,0,0,0,0,0,0,0,0,0
Selenomonadaceae_42771,2,131,51,142,113,129,251,219,34,314,219,78,132,56,122,30,341,105,152,44,90,40,432,98,69,216,55,54,175,72,38,11,39,36,207,54,341,225,100,34,16,154,87,0,96,286,32,239,11
Sphaerochaetaceae,2,15,49,10,53,3,40,6,33,16,36,42,119,98,20,42,12,0,12,28,14,7,0,0,4,0,0,13,11,8,5,10,0,4,23,0,2,0,0,0,0,0,0,0,8,21,0,6,0
Sphingobacteriaceae,0,28,22,7,35,11,11,11,12,0,22,21,17,20,15,23,12,17,0,11,11,15,0,12,11,10,30,6,13,19,23,15,6,17,9,0,18,0,15,10,11,10,13,10,0,14,18,14,15
Sphingomonadaceae_486827,0,0,0,0,0,0,0,0,0,0,0,0,0,0,0,0,0,0,0,0,0,0,0,0,0,2,0,0,0,0,0,0,0,0,0,0,0,0,0,0,0,0,0,0,0,0,0,0,0
Staphylococcaceae,0,0,0,0,0,0,0,0,0,0,5,0,0,0,0,0,0,0,4,0,0,0,0,0,0,5,4,0,0,0,0,0,0,0,0,0,0,0,0,0,0,0,0,29,0,0,0,0,0
Streptococcaceae,0,2,0,4,0,2,0,0,0,0,0,4,0,0,0,0,0,0,0,0,0,5,0,0,0,0,12,0,0,0,0,0,0,7,0,0,0,0,2,0,0,0,0,0,0,19,0,0,0
Succinivibrionaceae,11,586,92,166,811,84,166,139,4,147,121,215,76,252,1635,289,430,1264,602,461,576,51,103,66,500,53,148,34,215,97,87,21,90,102,646,530,813,146,18,9,31,288,162,11,36,286,123,1823,10
Sumerlaeaceae,0,0,0,0,0,0,0,0,0,0,0,0,0,0,0,0,0,0,0,0,0,0,0,0,0,0,0,0,0,0,0,0,0,0,0,0,0,0,3,0,0,0,0,0,0,0,0,0,0
Synergistaceae,0,7,0,0,0,0,4,2,0,4,0,0,4,0,0,0,0,0,0,0,0,0,0,3,3,4,0,2,0,0,7,5,0,0,0,0,0,0,0,4,0,0,0,0,0,0,0,0,0
Syntrophobotulaceae,0,0,0,0,0,0,0,0,0,0,0,0,0,0,0,0,0,0,0,0,0,0,0,0,0,0,0,0,0,0,0,0,0,0,0,2,0,0,0,0,0,0,0,0,0,0,0,0,0
Tepidisphaeraceae,0,0,0,0,0,0,0,0,0,0,0,0,0,0,0,0,0,0,0,0,0,0,0,0,0,0,0,0,0,0,0,0,0,0,0,0,0,0,0,0,2,0,0,0,0,0,0,0,0
Thermoactinomycetaceae_367745,0,0,0,4,8,14,8,9,6,5,7,0,0,3,0,0,6,0,0,8,8,0,0,0,0,0,0,0,0,0,0,5,0,0,0,0,0,0,0,0,0,0,0,0,0,9,0,0,0
Thermoguttaceae,151,110,103,62,110,120,105,237,116,188,90,115,69,130,116,201,141,114,150,136,108,235,334,192,283,295,223,170,134,183,123,164,189,292,197,230,160,100,214,252,211,363,179,253,195,141,153,87,228
Treponemataceae,207,129,106,149,78,176,198,164,107,149,162,172,144,148,196,78,118,56,86,184,168,129,121,86,150,132,174,148,137,195,94,60,164,151,73,224,167,131,224,101,152,106,90,107,122,58,119,127,196
UBA1067,7,86,130,131,287,97,71,103,111,110,134,142,177,222,373,118,39,87,223,133,285,100,46,51,124,72,155,50,68,70,108,86,181,37,256,32,36,51,12,62,77,37,25,0,70,102,44,145,44
UBA1242,21,5,57,0,20,18,42,14,60,50,20,25,13,18,39,26,11,12,10,38,7,60,13,5,31,22,0,62,5,25,41,8,67,32,30,65,8,92,12,29,18,34,5,52,18,10,27,12,3
UBA1381,0,25,43,13,29,9,16,18,35,12,9,10,14,9,24,15,33,0,23,20,19,16,28,21,22,16,16,18,36,0,20,16,17,23,8,39,0,59,12,83,18,21,27,7,4,22,12,31,17
UBA1412,0,0,0,0,0,0,0,0,0,0,0,0,4,0,0,0,0,0,0,0,0,0,0,0,0,0,0,0,0,0,10,0,0,0,0,0,0,0,0,0,0,0,0,0,0,0,0,0,0
UBA1709,0,0,0,0,0,0,0,0,0,0,0,0,0,0,2,0,0,0,0,0,0,0,0,0,2,0,0,0,0,0,0,0,0,0,0,0,0,0,0,0,0,0,0,0,0,0,0,0,0
UBA1829,0,0,21,28,22,0,13,15,30,4,16,13,26,16,80,0,11,13,17,25,11,0,0,8,12,13,8,21,4,16,54,9,40,19,45,40,5,18,0,15,9,9,0,6,0,9,0,35,0
UBA3636,0,7,35,11,23,24,32,17,8,21,24,17,19,9,13,20,19,7,6,8,0,0,17,0,0,0,4,0,6,11,11,0,2,0,6,0,0,0,0,2,0,0,0,0,11,20,0,5,0
UBA3830,35,29,18,0,17,7,30,13,0,0,6,50,43,40,13,24,59,13,0,44,20,7,25,8,0,28,16,44,35,13,23,57,0,16,29,154,0,104,7,41,45,25,45,36,17,20,37,46,0
UBA5550,0,0,0,0,0,0,0,0,0,0,0,0,0,0,0,0,0,0,0,0,0,0,0,0,0,0,0,0,0,0,0,0,0,0,0,0,0,0,0,0,0,0,0,0,0,0,0,0,2
UBA6164,0,0,0,0,0,0,0,6,0,0,0,0,0,0,0,0,0,0,0,0,0,0,0,0,0,0,0,0,0,0,0,0,0,0,0,0,2,0,0,0,0,0,0,0,0,0,0,0,0
UBA644,0,0,6,0,0,3,0,0,5,0,0,0,0,0,0,0,0,0,0,0,0,0,0,0,0,0,0,0,0,0,4,0,0,0,0,0,3,0,0,0,3,0,0,0,0,0,0,0,0
UBA660,50,20,67,42,23,18,59,34,36,46,30,4,49,53,51,35,15,0,16,32,22,9,19,9,22,26,28,13,18,38,37,19,26,30,28,34,23,35,22,0,28,20,18,82,0,17,29,5,52
UBA929,0,4,7,0,6,5,0,0,6,0,4,8,6,10,12,10,6,0,0,0,0,0,6,14,4,0,0,8,0,9,8,7,0,7,0,0,5,3,0,0,0,0,4,5,0,0,8,0,10
UBA932,1771,1098,1736,849,867,868,1002,610,2430,1262,1245,1396,1796,1555,843,1265,767,611,1123,1185,924,1207,1113,1164,1147,1200,1262,1423,1246,1784,1794,1241,1561,1658,933,706,497,934,950,1006,1189,904,609,729,1203,997,932,690,1576
UBA9339,0,0,0,0,0,0,0,0,0,0,0,0,0,0,0,0,0,0,0,0,0,0,0,0,0,0,0,0,0,0,0,0,0,0,0,0,0,0,0,0,0,0,0,2,0,0,0,0,0
UBA9959,0,0,0,0,0,0,0,0,0,0,2,0,0,0,0,0,0,0,0,3,0,0,0,0,0,0,0,0,0,0,0,0,0,0,0,0,0,0,0,0,0,0,0,0,0,0,0,0,0
Unidentified_Family1,12,832,355,543,1332,205,240,395,54,199,1006,225,296,595,1578,196,288,757,714,2037,602,209,97,213,1184,170,154,95,401,445,110,101,109,159,875,789,564,264,23,192,122,376,209,32,79,19,492,250,158
Unidentified_Family10,0,0,0,0,0,0,0,0,0,0,0,0,0,0,0,0,0,0,0,0,0,0,2,0,0,0,0,0,0,0,0,4,5,0,6,0,0,0,0,0,5,5,0,5,0,0,0,5,3
Unidentified_Family11,0,0,0,0,0,0,0,0,0,0,0,0,0,0,0,0,0,0,0,0,0,0,0,0,10,0,0,0,0,0,0,0,0,0,0,0,0,0,0,0,0,0,0,0,0,0,0,0,0
Unidentified_Family12,0,0,0,0,0,0,0,0,0,0,0,0,0,0,0,0,0,0,0,0,0,0,0,0,0,3,0,0,0,0,0,0,0,0,0,0,0,0,0,0,0,0,5,0,0,0,0,0,0
Unidentified_Family13,0,0,0,0,0,0,0,0,0,0,0,0,0,0,0,0,0,0,0,0,0,0,0,0,0,0,0,0,0,0,0,0,0,0,0,2,0,0,0,0,0,0,0,0,0,0,0,0,0
Unidentified_Family14,28,45,97,65,66,41,43,76,1649,37,91,10,85,53,44,57,24,11,10,76,45,48,20,5,23,24,25,0,6,86,960,23,17,11,15,6,0,17,0,0,5,20,0,0,4,11,7,27,22
Unidentified_Family15,204,19,27,32,27,61,6,29,224,16,33,116,85,88,54,197,14,20,8,9,51,243,13,20,36,20,15,59,13,85,11,106,33,44,57,53,27,9,39,16,37,16,16,128,90,4,32,20,20
Unidentified_Family16,0,10,11,6,20,0,10,15,13,18,8,16,0,21,0,0,11,9,0,0,0,8,0,4,13,8,4,9,9,0,6,5,0,6,41,210,12,0,6,14,6,28,7,22,15,0,16,14,0
Unidentified_Family17,20,11,6,38,0,16,14,2,0,27,35,25,38,23,14,24,24,8,27,49,9,11,34,38,12,45,75,23,10,43,10,14,61,26,51,24,97,17,8,13,0,24,6,41,14,15,30,5,24
Unidentified_Family18,0,11,10,4,4,28,0,13,10,5,5,12,7,7,7,10,0,0,15,0,0,18,0,0,5,9,0,19,5,0,0,11,41,10,17,10,0,16,4,6,10,7,7,7,15,0,4,0,2
Unidentified_Family19,45,4,20,44,28,9,26,23,69,50,38,19,65,45,59,23,21,15,50,111,61,0,17,16,140,31,98,25,28,60,112,30,55,29,13,10,9,11,19,21,15,4,8,60,24,2,41,28,93
Unidentified_Family2,59,131,38,25,29,23,69,55,22,62,45,41,16,57,34,72,35,55,15,23,24,28,32,53,41,125,162,40,32,138,82,17,53,39,111,12,0,43,15,38,50,59,75,18,20,59,23,23,38
Unidentified_Family20,0,30,0,0,0,33,0,0,7,0,0,0,12,32,0,0,19,0,21,0,0,0,0,0,0,0,0,0,0,0,0,0,28,0,0,0,0,17,41,0,0,0,20,64,0,0,0,0,0
Unidentified_Family21,0,0,10,10,53,29,0,0,0,36,10,11,10,17,0,10,21,0,0,0,0,0,0,0,0,0,0,0,0,0,0,0,0,0,0,0,0,0,0,0,0,0,0,0,0,0,0,0,0
Unidentified_Family22,23,0,0,0,8,9,5,0,5,4,0,24,10,5,0,0,18,14,0,0,0,6,14,0,0,20,22,4,0,5,4,0,0,17,18,60,5,3,0,0,0,7,5,6,3,0,0,0,0
Unidentified_Family23,0,3,3,9,50,5,16,0,23,0,0,4,0,4,5,26,0,0,7,8,2,36,0,0,0,0,9,5,0,13,11,130,14,20,0,10,2,11,2,12,0,9,2,0,9,0,0,0,5
Unidentified_Family24,0,5,10,4,0,0,0,0,11,0,8,11,0,0,11,3,0,0,10,0,6,6,6,9,7,0,12,7,5,10,9,0,16,8,7,4,0,0,5,13,4,0,0,0,5,0,0,5,6
Unidentified_Family25,0,0,0,0,7,4,0,0,33,7,0,0,0,0,12,0,0,8,6,15,0,0,0,0,0,0,0,22,0,0,0,4,7,22,0,22,0,0,0,21,0,0,0,0,0,3,0,0,10
Unidentified_Family26,0,0,0,9,0,0,1,0,2,4,0,0,5,3,0,0,4,3,0,0,0,0,1,0,1,1,0,0,0,0,0,0,4,0,0,0,0,0,6,0,3,1,0,0,0,3,0,0,0
Unidentified_Family27,0,0,0,0,0,0,0,0,0,0,0,0,0,0,0,0,0,0,16,0,0,0,0,0,0,0,0,0,0,28,0,0,0,0,0,25,0,0,0,0,0,0,0,0,0,0,0,0,0
Unidentified_Family28,0,0,5,12,5,0,0,0,0,0,4,0,10,0,0,2,0,0,0,19,14,2,0,0,0,0,0,3,0,0,28,0,4,0,0,0,0,0,0,0,3,0,0,0,0,0,5,0,6
Unidentified_Family29,0,0,0,0,0,0,0,0,0,0,3,0,0,3,0,0,0,0,0,0,0,0,5,0,0,3,0,0,0,0,0,0,0,4,0,0,0,0,0,0,0,0,0,0,0,0,0,0,0
Unidentified_Family3,95,37,49,35,39,55,44,35,23,42,33,28,33,44,7,41,38,37,29,27,38,36,65,50,39,65,78,33,19,66,24,47,28,77,26,60,12,47,26,23,38,32,45,62,35,41,60,26,90
Unidentified_Family30,0,0,3,0,0,0,0,1,4,0,0,2,0,2,0,0,0,0,0,0,0,0,0,0,0,0,0,0,0,3,0,0,0,0,0,0,0,0,4,0,0,0,0,0,0,0,0,0,0
Unidentified_Family31,0,0,0,0,0,0,0,0,3,0,0,0,0,0,0,0,0,0,0,0,0,0,0,0,0,0,0,0,0,0,0,0,0,0,0,0,0,0,8,0,0,0,0,0,5,0,0,0,0
Unidentified_Family32,0,0,0,0,0,0,0,0,0,0,0,0,0,0,0,0,0,0,0,0,0,0,0,0,2,0,0,0,0,0,0,0,0,0,0,0,3,0,0,0,0,0,0,0,0,0,0,0,0
Unidentified_Family33,0,0,0,0,0,0,0,0,0,0,0,0,0,0,0,0,0,0,0,0,0,0,0,0,0,0,0,0,0,0,0,0,0,0,0,0,0,0,0,0,0,5,0,0,0,0,0,0,0
Unidentified_Family34,0,0,0,0,0,0,0,0,0,0,0,0,0,0,0,0,0,0,0,0,0,3,0,0,0,0,0,0,0,0,0,0,0,0,0,0,0,0,0,0,0,0,0,0,0,0,0,0,0
Unidentified_Family35,0,0,0,0,0,0,0,0,0,2,0,0,0,0,0,0,0,0,0,0,0,0,0,0,0,0,0,0,0,0,0,0,0,0,0,0,0,0,0,0,0,0,0,0,0,0,0,0,0
Unidentified_Family36,0,0,0,0,0,0,0,0,0,0,0,0,0,0,0,0,0,0,2,0,0,0,0,0,0,0,0,0,0,0,0,0,0,0,0,2,2,0,0,0,0,0,0,0,0,0,0,0,0
Unidentified_Family37,0,0,0,0,0,0,0,0,0,0,0,0,0,0,0,0,0,0,0,0,0,0,0,0,0,0,2,0,0,0,0,0,0,0,0,0,0,0,0,0,0,0,0,0,0,0,0,0,0
Unidentified_Family4,0,39,13,11,34,7,3,11,0,28,4,4,5,8,13,8,19,5,10,6,5,0,24,0,11,26,5,7,0,0,9,0,0,0,25,0,10,11,5,6,0,0,16,11,7,19,7,18,0
Unidentified_Family5,14,0,0,5,0,9,5,4,21,0,0,0,11,14,8,0,4,5,5,27,0,16,0,0,28,6,8,9,4,15,25,17,10,6,7,14,0,0,0,5,19,4,9,11,0,0,16,0,13
Unidentified_Family6,0,4,3,0,0,0,2,0,6,6,0,3,0,0,4,5,0,0,6,0,0,0,4,6,0,6,6,0,2,3,0,5,0,0,2,0,0,0,7,11,2,6,3,0,0,3,0,11,0
Unidentified_Family7,0,0,0,0,5,0,0,0,0,3,0,0,0,0,3,0,4,0,0,0,0,0,0,0,3,0,0,0,0,0,0,0,0,0,0,0,0,0,0,0,0,0,0,0,0,0,0,0,0
Unidentified_Family8,0,2,4,7,0,4,0,0,6,0,0,2,12,0,0,0,0,5,0,11,0,8,0,0,6,5,0,0,0,0,0,0,0,0,0,10,0,11,0,9,3,0,0,0,0,0,7,0,0
Unidentified_Family9,0,3,5,0,0,0,6,0,15,0,0,1,0,0,0,5,0,0,0,23,0,5,3,0,1,0,0,42,0,6,2,10,0,4,0,5,0,3,0,0,0,0,0,23,0,0,0,0,5
Victivallaceae,0,0,0,0,0,2,2,0,0,0,0,0,2,0,0,0,0,0,0,3,0,0,0,0,0,0,0,0,0,0,2,0,0,0,3,0,0,0,0,0,0,0,0,0,0,0,0,0,0
WCHB1-69,116,93,113,85,89,34,27,38,72,46,119,120,133,42,125,192,36,66,114,75,62,51,94,168,77,130,143,89,66,138,175,45,130,75,112,54,133,54,29,74,73,118,51,92,58,77,77,37,255
Weeksellaceae,22,16,9,5,0,9,13,15,19,18,0,9,35,6,19,9,13,20,13,26,8,8,12,24,22,22,14,10,12,12,22,0,29,12,11,30,0,0,7,16,17,10,9,17,4,0,9,11,12
WRJC01,0,0,0,0,0,0,0,0,0,0,0,0,0,0,0,0,0,0,0,0,0,0,0,0,0,0,0,3,0,0,0,0,0,0,0,0,0,0,0,0,0,0,0,0,0,0,0,0,0
Xenobiaceae,10,21,24,0,22,24,36,17,28,57,6,17,59,18,10,14,24,18,40,0,7,31,22,15,17,42,67,12,29,43,20,7,16,0,48,13,10,46,7,20,13,33,11,9,21,20,31,6,6